"id","department_id","department_name","department_short","course_id","course_name","semester_id","semester_name","exam_type_id","exam_type_name","submissions_count","created_at","source_url"
"1","1","Computer Science & Engineering","CSE","1","Physics II","1","Spring 24","1","Mid","1","2024-04-30T20:01:18.000000Z","https://diuqbank.com/questions/1"
"2","1","Computer Science & Engineering","CSE","2","Data Structures","2","Fall 23","2","Final","1","2024-04-30T20:05:10.000000Z","https://diuqbank.com/questions/2"
"3","1","Computer Science & Engineering","CSE","3","Writing and Comprehension","1","Spring 24","1","Mid","1","2024-04-30T20:13:04.000000Z","https://diuqbank.com/questions/3"
"4","1","Computer Science & Engineering","CSE","4","Electrical Circuits","1","Spring 24","1","Mid","1","2024-04-30T20:21:48.000000Z","https://diuqbank.com/questions/4"
"5","1","Computer Science & Engineering","CSE","5","Basic Functional English and English Spoken","1","Spring 24","1","Mid","1","2024-05-01T03:06:13.000000Z","https://diuqbank.com/questions/5"
"6","1","Computer Science & Engineering","CSE","6","Programming and Problem Solving","1","Spring 24","1","Mid","1","2024-05-01T03:12:29.000000Z","https://diuqbank.com/questions/6"
"7","1","Computer Science & Engineering","CSE","6","Programming and Problem Solving","2","Fall 23","1","Mid","1","2024-05-01T03:17:18.000000Z","https://diuqbank.com/questions/7"
"8","1","Computer Science & Engineering","CSE","5","Basic Functional English and English Spoken","2","Fall 23","2","Final","1","2024-05-01T03:23:16.000000Z","https://diuqbank.com/questions/8"
"9","2","Electrical & Electronic Engineering","EEE","7","Linear Algebra and Complex variable","2","Fall 23","1","Mid","1","2024-05-01T03:30:33.000000Z","https://diuqbank.com/questions/9"
"10","2","Electrical & Electronic Engineering","EEE","8","Electrical Circuits II","2","Fall 23","2","Final","1","2024-05-01T03:34:33.000000Z","https://diuqbank.com/questions/10"
"11","1","Computer Science & Engineering","CSE","9","Mathematics I","2","Fall 23","1","Mid","1","2024-05-01T03:38:23.000000Z","https://diuqbank.com/questions/11"
"12","1","Computer Science & Engineering","CSE","10","Physics I","2","Fall 23","1","Mid","1","2024-05-01T03:41:38.000000Z","https://diuqbank.com/questions/12"
"13","1","Computer Science & Engineering","CSE","6","Programming and Problem Solving","2","Fall 23","2","Final","1","2024-05-01T03:43:24.000000Z","https://diuqbank.com/questions/13"
"14","1","Computer Science & Engineering","CSE","9","Mathematics I","3","Spring 23","2","Final","1","2024-05-01T03:45:22.000000Z","https://diuqbank.com/questions/14"
"15","1","Computer Science & Engineering","CSE","11","Introduction to Biology and Chemistry for Computation","2","Fall 23","2","Final","1","2024-05-01T03:47:08.000000Z","https://diuqbank.com/questions/15"
"16","1","Computer Science & Engineering","CSE","10","Physics I","2","Fall 23","2","Final","1","2024-05-01T03:50:03.000000Z","https://diuqbank.com/questions/16"
"17","1","Computer Science & Engineering","CSE","9","Mathematics I","2","Fall 23","2","Final","1","2024-05-01T03:51:11.000000Z","https://diuqbank.com/questions/17"
"18","1","Computer Science & Engineering","CSE","12","Computer Fundamentals","1","Spring 24","1","Mid","1","2024-05-01T03:52:01.000000Z","https://diuqbank.com/questions/18"
"19","1","Computer Science & Engineering","CSE","11","Introduction to Biology and Chemistry for Computation","1","Spring 24","1","Mid","1","2024-05-01T03:53:11.000000Z","https://diuqbank.com/questions/19"
"20","1","Computer Science & Engineering","CSE","10","Physics I","1","Spring 24","1","Mid","1","2024-05-01T03:54:26.000000Z","https://diuqbank.com/questions/20"
"21","1","Computer Science & Engineering","CSE","9","Mathematics I","1","Spring 24","1","Mid","1","2024-05-01T03:55:26.000000Z","https://diuqbank.com/questions/21"
"22","1","Computer Science & Engineering","CSE","13","Economics","2","Fall 23","2","Final","1","2024-05-25T06:12:15.000000Z","https://diuqbank.com/questions/22"
"23","1","Computer Science & Engineering","CSE","14","Discrete Mathematics","4","Spring 22","1","Mid","1","2024-05-28T16:57:42.000000Z","https://diuqbank.com/questions/23"
"24","1","Computer Science & Engineering","CSE","5","Basic Functional English and English Spoken","4","Spring 22","2","Final","1","2024-05-28T17:20:46.000000Z","https://diuqbank.com/questions/24"
"25","1","Computer Science & Engineering","CSE","3","Writing and Comprehension","5","Summer 22","2","Final","1","2024-05-29T11:18:06.000000Z","https://diuqbank.com/questions/25"
"26","1","Computer Science & Engineering","CSE","15","Numerical Methods ","1","Spring 24","1","Mid","1","2024-05-30T01:57:35.000000Z","https://diuqbank.com/questions/26"
"27","1","Computer Science & Engineering","CSE","3","Writing and Comprehension","1","Spring 24","2","Final","1","2024-05-30T07:20:03.000000Z","https://diuqbank.com/questions/27"
"28","1","Computer Science & Engineering","CSE","6","Programming and Problem Solving","1","Spring 24","2","Final","1","2024-05-30T13:22:09.000000Z","https://diuqbank.com/questions/28"
"29","1","Computer Science & Engineering","CSE","14","Discrete Mathematics","1","Spring 24","2","Final","1","2024-05-30T13:33:25.000000Z","https://diuqbank.com/questions/29"
"30","1","Computer Science & Engineering","CSE","16","Compiler Design","1","Spring 24","2","Final","1","2024-05-31T02:47:59.000000Z","https://diuqbank.com/questions/30"
"31","1","Computer Science & Engineering","CSE","17","Data communication","2","Fall 23","2","Final","2","2024-05-31T02:53:36.000000Z","https://diuqbank.com/questions/31"
"32","1","Computer Science & Engineering","CSE","12","Computer Fundamentals","6","Summer 21","2","Final","1","2024-06-01T05:41:26.000000Z","https://diuqbank.com/questions/32"
"33","1","Computer Science & Engineering","CSE","12","Computer Fundamentals","6","Summer 21","1","Mid","1","2024-06-01T05:50:53.000000Z","https://diuqbank.com/questions/33"
"34","1","Computer Science & Engineering","CSE","18","Algorithms","1","Spring 24","2","Final","1","2024-06-01T07:20:12.000000Z","https://diuqbank.com/questions/34"
"35","1","Computer Science & Engineering","CSE","19","Basic Electronics","5","Summer 22","2","Final","1","2024-06-01T10:20:35.000000Z","https://diuqbank.com/questions/35"
"36","1","Computer Science & Engineering","CSE","19","Basic Electronics","5","Summer 22","1","Mid","1","2024-06-01T10:25:17.000000Z","https://diuqbank.com/questions/36"
"37","1","Computer Science & Engineering","CSE","18","Algorithms","7","Fall 22","2","Final","1","2024-06-02T13:27:52.000000Z","https://diuqbank.com/questions/37"
"38","1","Computer Science & Engineering","CSE","18","Algorithms","7","Fall 22","1","Mid","1","2024-06-02T13:31:35.000000Z","https://diuqbank.com/questions/38"
"39","1","Computer Science & Engineering","CSE","20","Object oriented programming","7","Fall 22","2","Final","1","2024-06-02T13:33:40.000000Z","https://diuqbank.com/questions/39"
"40","1","Computer Science & Engineering","CSE","20","Object oriented programming","7","Fall 22","1","Mid","2","2024-06-02T14:24:04.000000Z","https://diuqbank.com/questions/40"
"41","1","Computer Science & Engineering","CSE","21","Digital Electronies","3","Spring 23","2","Final","1","2024-06-03T16:20:17.000000Z","https://diuqbank.com/questions/41"
"42","1","Computer Science & Engineering","CSE","21","Digital Electronies","2","Fall 23","2","Final","1","2024-06-03T16:25:18.000000Z","https://diuqbank.com/questions/42"
"43","1","Computer Science & Engineering","CSE","4","Electrical Circuits","1","Spring 24","2","Final","1","2024-06-03T16:45:07.000000Z","https://diuqbank.com/questions/43"
"44","1","Computer Science & Engineering","CSE","22","System Analysis and Design","2","Fall 23","2","Final","1","2024-06-04T17:12:22.000000Z","https://diuqbank.com/questions/44"
"45","1","Computer Science & Engineering","CSE","21","Digital Electronies","7","Fall 22","2","Final","1","2024-06-04T17:17:54.000000Z","https://diuqbank.com/questions/45"
"46","1","Computer Science & Engineering","CSE","21","Digital Electronies","7","Fall 22","1","Mid","2","2024-06-04T17:19:44.000000Z","https://diuqbank.com/questions/46"
"47","1","Computer Science & Engineering","CSE","6","Programming and Problem Solving","8","Fall 21","2","Final","1","2024-06-04T17:22:01.000000Z","https://diuqbank.com/questions/47"
"48","1","Computer Science & Engineering","CSE","6","Programming and Problem Solving","8","Fall 21","1","Mid","1","2024-06-04T17:55:56.000000Z","https://diuqbank.com/questions/48"
"49","1","Computer Science & Engineering","CSE","17","Data communication","7","Fall 22","1","Mid","1","2024-06-04T18:51:45.000000Z","https://diuqbank.com/questions/49"
"50","1","Computer Science & Engineering","CSE","17","Data communication","7","Fall 22","2","Final","1","2024-06-04T18:57:00.000000Z","https://diuqbank.com/questions/50"
"51","1","Computer Science & Engineering","CSE","23","Microprocessor, Embedded Systems & IoT","3","Spring 23","2","Final","1","2024-06-04T19:02:52.000000Z","https://diuqbank.com/questions/51"
"52","1","Computer Science & Engineering","CSE","23","Microprocessor, Embedded Systems & IoT","3","Spring 23","1","Mid","1","2024-06-04T19:09:49.000000Z","https://diuqbank.com/questions/52"
"53","1","Computer Science & Engineering","CSE","20","Object oriented programming","3","Spring 23","1","Mid","1","2024-06-04T19:14:47.000000Z","https://diuqbank.com/questions/53"
"54","1","Computer Science & Engineering","CSE","20","Object oriented programming","3","Spring 23","2","Final","3","2024-06-04T19:16:32.000000Z","https://diuqbank.com/questions/54"
"55","1","Computer Science & Engineering","CSE","15","Numerical Methods ","2","Fall 23","2","Final","1","2024-06-04T19:17:35.000000Z","https://diuqbank.com/questions/55"
"56","1","Computer Science & Engineering","CSE","15","Numerical Methods ","2","Fall 23","1","Mid","1","2024-06-04T19:18:40.000000Z","https://diuqbank.com/questions/56"
"57","1","Computer Science & Engineering","CSE","24","Math for Computer Science","3","Spring 23","2","Final","1","2024-06-04T19:20:15.000000Z","https://diuqbank.com/questions/57"
"58","1","Computer Science & Engineering","CSE","24","Math for Computer Science","3","Spring 23","1","Mid","1","2024-06-04T19:21:51.000000Z","https://diuqbank.com/questions/58"
"59","1","Computer Science & Engineering","CSE","25","Database management System","3","Spring 23","2","Final","1","2024-06-04T19:27:04.000000Z","https://diuqbank.com/questions/59"
"60","1","Computer Science & Engineering","CSE","25","Database management System","3","Spring 23","1","Mid","1","2024-06-04T19:29:56.000000Z","https://diuqbank.com/questions/60"
"61","1","Computer Science & Engineering","CSE","26","Computer Networks","3","Spring 23","2","Final","1","2024-06-04T19:31:00.000000Z","https://diuqbank.com/questions/61"
"62","1","Computer Science & Engineering","CSE","26","Computer Networks","3","Spring 23","1","Mid","1","2024-06-04T19:31:56.000000Z","https://diuqbank.com/questions/62"
"63","1","Computer Science & Engineering","CSE","27","Artificial Intelligence","2","Fall 23","2","Final","1","2024-06-04T19:34:07.000000Z","https://diuqbank.com/questions/63"
"64","1","Computer Science & Engineering","CSE","27","Artificial Intelligence","2","Fall 23","1","Mid","2","2024-06-04T19:35:14.000000Z","https://diuqbank.com/questions/64"
"65","1","Computer Science & Engineering","CSE","28","Data Mining and Machine learning","2","Fall 23","2","Final","2","2024-06-04T19:36:30.000000Z","https://diuqbank.com/questions/65"
"66","1","Computer Science & Engineering","CSE","29","Operating Systems","2","Fall 23","1","Mid","1","2024-06-04T19:43:07.000000Z","https://diuqbank.com/questions/66"
"67","1","Computer Science & Engineering","CSE","22","System Analysis and Design","2","Fall 23","1","Mid","1","2024-06-04T19:46:17.000000Z","https://diuqbank.com/questions/67"
"68","1","Computer Science & Engineering","CSE","1","Physics II","2","Fall 23","2","Final","1","2024-06-04T22:41:45.000000Z","https://diuqbank.com/questions/68"
"69","1","Computer Science & Engineering","CSE","30","Statistics and Probability","1","Spring 24","2","Final","1","2024-06-06T10:48:41.000000Z","https://diuqbank.com/questions/69"
"70","1","Computer Science & Engineering","CSE","2","Data Structures","4","Spring 22","2","Final","1","2024-06-06T23:16:32.000000Z","https://diuqbank.com/questions/70"
"71","1","Computer Science & Engineering","CSE","31","Digital Image Processing","3","Spring 23","2","Final","1","2024-06-07T13:11:23.000000Z","https://diuqbank.com/questions/71"
"72","1","Computer Science & Engineering","CSE","32","Computer Architecture & Organization","1","Spring 24","2","Final","1","2024-06-07T13:15:05.000000Z","https://diuqbank.com/questions/72"
"73","1","Computer Science & Engineering","CSE","11","Introduction to Biology and Chemistry for Computation","1","Spring 24","2","Final","1","2024-06-08T18:59:41.000000Z","https://diuqbank.com/questions/73"
"74","1","Computer Science & Engineering","CSE","12","Computer Fundamentals","1","Spring 24","2","Final","1","2024-06-08T19:10:41.000000Z","https://diuqbank.com/questions/74"
"75","1","Computer Science & Engineering","CSE","9","Mathematics I","1","Spring 24","2","Final","1","2024-06-08T19:13:12.000000Z","https://diuqbank.com/questions/75"
"76","1","Computer Science & Engineering","CSE","10","Physics I","1","Spring 24","2","Final","1","2024-08-28T15:49:54.000000Z","https://diuqbank.com/questions/76"
"77","1","Computer Science & Engineering","CSE","5","Basic Functional English and English Spoken","1","Spring 24","2","Final","1","2024-08-28T16:34:27.000000Z","https://diuqbank.com/questions/77"
"78","1","Computer Science & Engineering","CSE","2","Data Structures","1","Spring 24","2","Final","1","2024-09-03T17:48:12.000000Z","https://diuqbank.com/questions/78"
"79","1","Computer Science & Engineering","CSE","33","Mathematics II","1","Spring 24","2","Final","1","2024-09-03T17:53:49.000000Z","https://diuqbank.com/questions/79"
"80","1","Computer Science & Engineering","CSE","33","Mathematics II","1","Spring 24","1","Mid","1","2024-09-03T17:59:58.000000Z","https://diuqbank.com/questions/80"
"81","1","Computer Science & Engineering","CSE","1","Physics II","1","Spring 24","2","Final","1","2024-09-03T18:02:35.000000Z","https://diuqbank.com/questions/81"
"82","1","Computer Science & Engineering","CSE","2","Data Structures","1","Spring 24","1","Mid","1","2024-09-03T18:08:40.000000Z","https://diuqbank.com/questions/82"
"83","1","Computer Science & Engineering","CSE","34","Engineering Mathematics","1","Spring 24","3","Quiz","1","2024-09-09T01:02:28.000000Z","https://diuqbank.com/questions/83"
"84","1","Computer Science & Engineering","CSE","21","Digital Electronies","2","Fall 23","1","Mid","1","2024-09-17T10:47:07.000000Z","https://diuqbank.com/questions/84"
"85","1","Computer Science & Engineering","CSE","21","Digital Electronies","3","Spring 23","1","Mid","1","2024-09-17T10:49:03.000000Z","https://diuqbank.com/questions/85"
"86","1","Computer Science & Engineering","CSE","21","Digital Electronies","8","Fall 21","1","Mid","1","2024-09-17T10:52:22.000000Z","https://diuqbank.com/questions/86"
"87","1","Computer Science & Engineering","CSE","4","Electrical Circuits","9","Fall 24","3","Quiz","1","2024-09-17T12:20:16.000000Z","https://diuqbank.com/questions/87"
"88","1","Computer Science & Engineering","CSE","2","Data Structures","9","Fall 24","3","Quiz","1","2024-09-17T13:32:59.000000Z","https://diuqbank.com/questions/88"
"89","1","Computer Science & Engineering","CSE","25","Database management System","9","Fall 24","3","Quiz","1","2024-09-17T17:48:38.000000Z","https://diuqbank.com/questions/89"
"90","1","Computer Science & Engineering","CSE","14","Discrete Mathematics","9","Fall 24","3","Quiz","1","2024-09-17T20:50:28.000000Z","https://diuqbank.com/questions/90"
"91","1","Computer Science & Engineering","CSE","34","Engineering Mathematics","9","Fall 24","3","Quiz","2","2024-09-21T23:52:22.000000Z","https://diuqbank.com/questions/91"
"92","1","Computer Science & Engineering","CSE","21","Digital Electronies","1","Spring 24","1","Mid","1","2024-09-21T23:55:59.000000Z","https://diuqbank.com/questions/92"
"93","3","ITM","ITM","35","Management Information System","1","Spring 24","1","Mid","1","2024-09-23T18:12:33.000000Z","https://diuqbank.com/questions/93"
"94","3","ITM","ITM","36","Production and Operation Management","1","Spring 24","1","Mid","1","2024-09-23T18:14:20.000000Z","https://diuqbank.com/questions/94"
"95","3","ITM","ITM","37","Introduction to Finance","1","Spring 24","1","Mid","1","2024-09-23T18:15:34.000000Z","https://diuqbank.com/questions/95"
"96","3","ITM","ITM","38","Data Communication & Computer Networking	","1","Spring 24","1","Mid","1","2024-09-23T18:16:42.000000Z","https://diuqbank.com/questions/96"
"97","3","ITM","ITM","39","Project Management","1","Spring 24","1","Mid","1","2024-09-23T18:17:38.000000Z","https://diuqbank.com/questions/97"
"98","3","ITM","ITM","40","Distributed Systems and Cloud Computing","1","Spring 24","1","Mid","1","2024-09-23T18:18:44.000000Z","https://diuqbank.com/questions/98"
"99","3","ITM","ITM","36","Production and Operation Management","1","Spring 24","2","Final","1","2024-09-23T18:22:36.000000Z","https://diuqbank.com/questions/99"
"100","3","ITM","ITM","37","Introduction to Finance","1","Spring 24","2","Final","1","2024-09-23T18:25:56.000000Z","https://diuqbank.com/questions/100"
"101","3","ITM","ITM","38","Data Communication & Computer Networking	","1","Spring 24","2","Final","1","2024-09-23T18:27:51.000000Z","https://diuqbank.com/questions/101"
"102","3","ITM","ITM","39","Project Management","1","Spring 24","2","Final","1","2024-09-23T18:28:52.000000Z","https://diuqbank.com/questions/102"
"103","3","ITM","ITM","41","Software and Web security","2","Fall 23","1","Mid","1","2024-09-23T18:39:36.000000Z","https://diuqbank.com/questions/103"
"104","3","ITM","ITM","41","Software and Web security","2","Fall 23","2","Final","1","2024-09-23T18:45:21.000000Z","https://diuqbank.com/questions/104"
"105","1","Computer Science & Engineering","CSE","6","Programming and Problem Solving","9","Fall 24","3","Quiz","1","2024-09-23T20:17:04.000000Z","https://diuqbank.com/questions/105"
"106","1","Computer Science & Engineering","CSE","15","Numerical Methods ","9","Fall 24","3","Quiz","1","2024-09-25T22:07:49.000000Z","https://diuqbank.com/questions/106"
"107","1","Computer Science & Engineering","CSE","20","Object oriented programming","9","Fall 24","3","Quiz","1","2024-09-25T22:14:09.000000Z","https://diuqbank.com/questions/107"
"108","1","Computer Science & Engineering","CSE","42","Theory of Computation","9","Fall 24","3","Quiz","1","2024-09-25T22:18:10.000000Z","https://diuqbank.com/questions/108"
"109","1","Computer Science & Engineering","CSE","43","Digital Logic Design","9","Fall 24","3","Quiz","1","2024-09-25T22:25:53.000000Z","https://diuqbank.com/questions/109"
"110","1","Computer Science & Engineering","CSE","17","Data communication","9","Fall 24","3","Quiz","1","2024-09-25T22:28:59.000000Z","https://diuqbank.com/questions/110"
"111","1","Computer Science & Engineering","CSE","17","Data communication","2","Fall 23","1","Mid","1","2024-09-26T06:54:32.000000Z","https://diuqbank.com/questions/111"
"112","1","Computer Science & Engineering","CSE","44","Introduction to Data Science ","1","Spring 24","1","Mid","1","2024-09-27T23:02:22.000000Z","https://diuqbank.com/questions/112"
"113","1","Computer Science & Engineering","CSE","16","Compiler Design","9","Fall 24","1","Mid","1","2024-09-28T19:07:02.000000Z","https://diuqbank.com/questions/113"
"114","1","Computer Science & Engineering","CSE","22","System Analysis and Design","1","Spring 24","1","Mid","3","2024-09-28T19:23:18.000000Z","https://diuqbank.com/questions/114"
"115","1","Computer Science & Engineering","CSE","22","System Analysis and Design","1","Spring 24","3","Quiz","1","2024-09-28T19:24:45.000000Z","https://diuqbank.com/questions/115"
"116","1","Computer Science & Engineering","CSE","28","Data Mining and Machine learning","1","Spring 24","1","Mid","2","2024-09-28T19:26:20.000000Z","https://diuqbank.com/questions/116"
"117","1","Computer Science & Engineering","CSE","29","Operating Systems","1","Spring 24","1","Mid","2","2024-09-28T19:27:45.000000Z","https://diuqbank.com/questions/117"
"118","1","Computer Science & Engineering","CSE","13","Economics","1","Spring 24","1","Mid","1","2024-09-28T19:28:33.000000Z","https://diuqbank.com/questions/118"
"119","1","Computer Science & Engineering","CSE","2","Data Structures","9","Fall 24","1","Mid","1","2024-09-29T13:01:09.000000Z","https://diuqbank.com/questions/119"
"120","1","Computer Science & Engineering","CSE","17","Data communication","9","Fall 24","1","Mid","1","2024-09-29T14:41:42.000000Z","https://diuqbank.com/questions/120"
"121","1","Computer Science & Engineering","CSE","6","Programming and Problem Solving","9","Fall 24","1","Mid","2","2024-09-29T17:16:46.000000Z","https://diuqbank.com/questions/121"
"122","1","Computer Science & Engineering","CSE","14","Discrete Mathematics","9","Fall 24","1","Mid","1","2024-09-29T18:57:26.000000Z","https://diuqbank.com/questions/122"
"123","1","Computer Science & Engineering","CSE","18","Algorithms","1","Spring 24","1","Mid","1","2024-09-29T23:56:21.000000Z","https://diuqbank.com/questions/123"
"124","1","Computer Science & Engineering","CSE","44","Introduction to Data Science ","9","Fall 24","1","Mid","1","2024-09-30T17:07:20.000000Z","https://diuqbank.com/questions/124"
"125","1","Computer Science & Engineering","CSE","44","Introduction to Data Science ","9","Fall 24","3","Quiz","1","2024-09-30T17:08:48.000000Z","https://diuqbank.com/questions/125"
"126","1","Computer Science & Engineering","CSE","25","Database management System","9","Fall 24","1","Mid","1","2024-09-30T17:09:53.000000Z","https://diuqbank.com/questions/126"
"127","4","Software Engineering","SWE","45","Theory of Computing ","1","Spring 24","1","Mid","1","2024-09-30T21:08:04.000000Z","https://diuqbank.com/questions/127"
"128","1","Computer Science & Engineering","CSE","33","Mathematics II","9","Fall 24","1","Mid","1","2024-10-01T12:42:33.000000Z","https://diuqbank.com/questions/128"
"129","5","Business Administration","BBA","46","Statistics for Decision Making","9","Fall 24","1","Mid","1","2024-10-01T14:39:01.000000Z","https://diuqbank.com/questions/129"
"130","1","Computer Science & Engineering","CSE","18","Algorithms","9","Fall 24","1","Mid","1","2024-10-01T14:47:59.000000Z","https://diuqbank.com/questions/130"
"131","1","Computer Science & Engineering","CSE","12","Computer Fundamentals","9","Fall 24","1","Mid","3","2024-10-01T14:59:20.000000Z","https://diuqbank.com/questions/131"
"132","1","Computer Science & Engineering","CSE","42","Theory of Computation","9","Fall 24","1","Mid","1","2024-10-01T19:25:03.000000Z","https://diuqbank.com/questions/132"
"133","4","Software Engineering","SWE","47","Introduction to Robotics ","1","Spring 24","2","Final","1","2024-10-01T19:27:40.000000Z","https://diuqbank.com/questions/133"
"134","4","Software Engineering","SWE","48","Principles of Accounting, Business & Economics","1","Spring 24","2","Final","1","2024-10-01T19:31:29.000000Z","https://diuqbank.com/questions/134"
"135","4","Software Engineering","SWE","49","Algorithm Design and Analysis ","1","Spring 24","2","Final","1","2024-10-01T19:33:40.000000Z","https://diuqbank.com/questions/135"
"136","4","Software Engineering","SWE","50","Database Systems","1","Spring 24","2","Final","1","2024-10-01T19:36:17.000000Z","https://diuqbank.com/questions/136"
"137","4","Software Engineering","SWE","51","Operating System & System Programming","1","Spring 24","2","Final","1","2024-10-01T19:38:30.000000Z","https://diuqbank.com/questions/137"
"138","4","Software Engineering","SWE","52","Software Quality Assurance & Testing","9","Fall 24","1","Mid","1","2024-10-01T19:49:55.000000Z","https://diuqbank.com/questions/138"
"139","4","Software Engineering","SWE","53","Data Communication and Computer Networking","9","Fall 24","1","Mid","1","2024-10-01T19:51:31.000000Z","https://diuqbank.com/questions/139"
"140","4","Software Engineering","SWE","54","Art of Living ","7","Fall 22","2","Final","1","2024-10-01T19:53:35.000000Z","https://diuqbank.com/questions/140"
"141","4","Software Engineering","SWE","55","Mathematics I","7","Fall 22","2","Final","1","2024-10-01T19:55:28.000000Z","https://diuqbank.com/questions/141"
"142","1","Computer Science & Engineering","CSE","28","Data Mining and Machine learning","9","Fall 24","1","Mid","1","2024-10-01T20:14:52.000000Z","https://diuqbank.com/questions/142"
"143","4","Software Engineering","SWE","50","Database Systems","9","Fall 24","1","Mid","1","2024-10-02T11:48:18.000000Z","https://diuqbank.com/questions/143"
"144","4","Software Engineering","SWE","49","Algorithm Design and Analysis ","9","Fall 24","1","Mid","3","2024-10-02T17:11:39.000000Z","https://diuqbank.com/questions/144"
"145","1","Computer Science & Engineering","CSE","26","Computer Networks","9","Fall 24","1","Mid","1","2024-10-02T18:11:06.000000Z","https://diuqbank.com/questions/145"
"146","4","Software Engineering","SWE","51","Operating System & System Programming","9","Fall 24","1","Mid","1","2024-10-03T10:12:12.000000Z","https://diuqbank.com/questions/146"
"147","1","Computer Science & Engineering","CSE","56","Information Security","3","Spring 23","1","Mid","1","2024-10-03T11:58:43.000000Z","https://diuqbank.com/questions/147"
"148","1","Computer Science & Engineering","CSE","56","Information Security","3","Spring 23","2","Final","1","2024-10-03T12:00:44.000000Z","https://diuqbank.com/questions/148"
"149","1","Computer Science & Engineering","CSE","57","Electrical Circuits II","9","Fall 24","1","Mid","1","2024-10-03T12:27:32.000000Z","https://diuqbank.com/questions/149"
"150","1","Computer Science & Engineering","CSE","31","Digital Image Processing","3","Spring 23","1","Mid","1","2024-10-03T12:31:37.000000Z","https://diuqbank.com/questions/150"
"151","1","Computer Science & Engineering","CSE","10","Physics I","9","Fall 24","1","Mid","2","2024-10-03T12:45:12.000000Z","https://diuqbank.com/questions/151"
"152","1","Computer Science & Engineering","CSE","4","Electrical Circuits","9","Fall 24","1","Mid","1","2024-10-03T12:59:25.000000Z","https://diuqbank.com/questions/152"
"153","1","Computer Science & Engineering","CSE","58","Art of Living ","9","Fall 24","1","Mid","1","2024-10-03T15:08:42.000000Z","https://diuqbank.com/questions/153"
"154","6","Civil Engineering","CE","59","Water supply Engineering ","9","Fall 24","1","Mid","1","2024-10-03T15:35:42.000000Z","https://diuqbank.com/questions/154"
"155","6","Civil Engineering","CE","60","Structural Analysis","9","Fall 24","1","Mid","1","2024-10-03T15:40:03.000000Z","https://diuqbank.com/questions/155"
"156","1","Computer Science & Engineering","CSE","43","Digital Logic Design","9","Fall 24","1","Mid","1","2024-10-03T19:16:26.000000Z","https://diuqbank.com/questions/156"
"157","1","Computer Science & Engineering","CSE","20","Object oriented programming","2","Fall 23","1","Mid","1","2024-10-04T10:01:59.000000Z","https://diuqbank.com/questions/157"
"158","1","Computer Science & Engineering","CSE","20","Object oriented programming","4","Spring 22","1","Mid","1","2024-10-04T10:04:51.000000Z","https://diuqbank.com/questions/158"
"159","5","Business Administration","BBA","61","Microeconomics","9","Fall 24","1","Mid","1","2024-10-04T16:27:37.000000Z","https://diuqbank.com/questions/159"
"160","1","Computer Science & Engineering","CSE","62","Natural Language Processing","9","Fall 24","1","Mid","1","2024-10-04T17:38:02.000000Z","https://diuqbank.com/questions/160"
"161","1","Computer Science & Engineering","CSE","63","Financial and Managerial Accounting","9","Fall 24","1","Mid","1","2024-10-05T00:13:47.000000Z","https://diuqbank.com/questions/161"
"162","1","Computer Science & Engineering","CSE","1","Physics II","9","Fall 24","1","Mid","1","2024-10-05T14:08:56.000000Z","https://diuqbank.com/questions/162"
"163","1","Computer Science & Engineering","CSE","20","Object oriented programming","9","Fall 24","1","Mid","1","2024-10-05T14:37:49.000000Z","https://diuqbank.com/questions/163"
"164","1","Computer Science & Engineering","CSE","64","Bangladesh Studies","9","Fall 24","1","Mid","1","2024-10-05T14:58:44.000000Z","https://diuqbank.com/questions/164"
"165","4","Software Engineering","SWE","65","Object oriented Concepts","9","Fall 24","1","Mid","1","2024-10-05T15:03:51.000000Z","https://diuqbank.com/questions/165"
"166","1","Computer Science & Engineering","CSE","9","Mathematics I","9","Fall 24","1","Mid","2","2024-10-05T15:16:18.000000Z","https://diuqbank.com/questions/166"
"167","1","Computer Science & Engineering","CSE","30","Statistics and Probability","1","Spring 24","1","Mid","1","2024-10-05T17:36:55.000000Z","https://diuqbank.com/questions/167"
"168","1","Computer Science & Engineering","CSE","64","Bangladesh Studies","8","Fall 21","1","Mid","2","2024-10-05T20:58:36.000000Z","https://diuqbank.com/questions/168"
"169","4","Software Engineering","SWE","48","Principles of Accounting, Business & Economics","9","Fall 24","1","Mid","1","2024-10-06T09:50:44.000000Z","https://diuqbank.com/questions/169"
"170","1","Computer Science & Engineering","CSE","29","Operating Systems","9","Fall 24","1","Mid","1","2024-10-06T12:28:20.000000Z","https://diuqbank.com/questions/170"
"171","1","Computer Science & Engineering","CSE","11","Introduction to Biology and Chemistry for Computation","9","Fall 24","1","Mid","3","2024-10-07T14:09:17.000000Z","https://diuqbank.com/questions/171"
"172","1","Computer Science & Engineering","CSE","34","Engineering Mathematics","9","Fall 24","1","Mid","1","2024-10-07T14:32:55.000000Z","https://diuqbank.com/questions/172"
"173","1","Computer Science & Engineering","CSE","66","Embedded Systems and IoT","9","Fall 24","1","Mid","1","2024-10-07T14:37:55.000000Z","https://diuqbank.com/questions/173"
"174","1","Computer Science & Engineering","CSE","22","System Analysis and Design","9","Fall 24","1","Mid","1","2024-10-07T14:38:06.000000Z","https://diuqbank.com/questions/174"
"175","1","Computer Science & Engineering","CSE","3","Writing and Comprehension","9","Fall 24","1","Mid","1","2024-10-07T16:33:01.000000Z","https://diuqbank.com/questions/175"
"176","4","Software Engineering","SWE","47","Introduction to Robotics ","9","Fall 24","1","Mid","2","2024-10-08T12:25:28.000000Z","https://diuqbank.com/questions/176"
"177","1","Computer Science & Engineering","CSE","67","Electronic Device and Circuits","9","Fall 24","1","Mid","1","2024-10-09T14:22:19.000000Z","https://diuqbank.com/questions/177"
"178","1","Computer Science & Engineering","CSE","15","Numerical Methods ","9","Fall 24","1","Mid","1","2024-10-10T23:55:26.000000Z","https://diuqbank.com/questions/178"
"179","1","Computer Science & Engineering","CSE","5","Basic Functional English and English Spoken","9","Fall 24","1","Mid","2","2024-10-21T20:37:09.000000Z","https://diuqbank.com/questions/179"
"180","1","Computer Science & Engineering","CSE","14","Discrete Mathematics","4","Spring 22","2","Final","1","2024-12-17T02:06:09.000000Z","https://diuqbank.com/questions/180"
"181","1","Computer Science & Engineering","CSE","14","Discrete Mathematics","7","Fall 22","2","Final","1","2024-12-17T02:16:11.000000Z","https://diuqbank.com/questions/181"
"182","2","Electrical & Electronic Engineering","EEE","68","Electrical Circuits","9","Fall 24","2","Final","1","2024-12-17T20:11:40.000000Z","https://diuqbank.com/questions/182"
"183","4","Software Engineering","SWE","69","Basic Functional English and English Spoken","9","Fall 24","2","Final","1","2024-12-17T20:15:03.000000Z","https://diuqbank.com/questions/183"
"184","1","Computer Science & Engineering","CSE","2","Data Structures","9","Fall 24","2","Final","3","2024-12-18T12:21:22.000000Z","https://diuqbank.com/questions/184"
"185","1","Computer Science & Engineering","CSE","6","Programming and Problem Solving","9","Fall 24","2","Final","4","2024-12-18T12:49:53.000000Z","https://diuqbank.com/questions/185"
"186","1","Computer Science & Engineering","CSE","17","Data communication","9","Fall 24","2","Final","1","2024-12-18T14:03:16.000000Z","https://diuqbank.com/questions/186"
"187","1","Computer Science & Engineering","CSE","14","Discrete Mathematics","9","Fall 24","2","Final","2","2024-12-18T14:15:00.000000Z","https://diuqbank.com/questions/187"
"188","7","CIS","CIS","70","Basic Functional English and English Spoken","9","Fall 24","2","Final","1","2024-12-18T18:08:05.000000Z","https://diuqbank.com/questions/188"
"189","1","Computer Science & Engineering","CSE","28","Data Mining and Machine learning","9","Fall 24","2","Final","1","2024-12-19T12:16:23.000000Z","https://diuqbank.com/questions/189"
"190","1","Computer Science & Engineering","CSE","25","Database management System","9","Fall 24","2","Final","3","2024-12-19T12:18:58.000000Z","https://diuqbank.com/questions/190"
"191","2","Electrical & Electronic Engineering","EEE","71","Vector Analysis","9","Fall 24","2","Final","1","2024-12-19T17:38:23.000000Z","https://diuqbank.com/questions/191"
"192","4","Software Engineering","SWE","72","Computer Fundamentals","9","Fall 24","2","Final","1","2024-12-19T17:49:01.000000Z","https://diuqbank.com/questions/192"
"193","1","Computer Science & Engineering","CSE","18","Algorithms","9","Fall 24","2","Final","2","2024-12-19T20:00:12.000000Z","https://diuqbank.com/questions/193"
"194","5","Business Administration","BBA","73","Business Law","9","Fall 24","2","Final","1","2024-12-20T12:52:18.000000Z","https://diuqbank.com/questions/194"
"195","5","Business Administration","BBA","46","Statistics for Decision Making","9","Fall 24","2","Final","1","2024-12-20T12:52:57.000000Z","https://diuqbank.com/questions/195"
"196","1","Computer Science & Engineering","CSE","44","Introduction to Data Science ","9","Fall 24","2","Final","2","2024-12-20T18:54:47.000000Z","https://diuqbank.com/questions/196"
"197","1","Computer Science & Engineering","CSE","33","Mathematics II","9","Fall 24","2","Final","3","2024-12-21T11:54:53.000000Z","https://diuqbank.com/questions/197"
"198","1","Computer Science & Engineering","CSE","42","Theory of Computation","9","Fall 24","2","Final","2","2024-12-21T14:00:28.000000Z","https://diuqbank.com/questions/198"
"199","1","Computer Science & Engineering","CSE","12","Computer Fundamentals","9","Fall 24","2","Final","2","2024-12-21T14:36:12.000000Z","https://diuqbank.com/questions/199"
"200","1","Computer Science & Engineering","CSE","33","Mathematics II","9","Fall 24","4","Lab Final","1","2024-12-21T16:18:07.000000Z","https://diuqbank.com/questions/200"
"201","1","Computer Science & Engineering","CSE","43","Digital Logic Design","9","Fall 24","2","Final","1","2024-12-23T14:05:22.000000Z","https://diuqbank.com/questions/201"
"202","1","Computer Science & Engineering","CSE","58","Art of Living ","9","Fall 24","2","Final","1","2024-12-23T14:06:33.000000Z","https://diuqbank.com/questions/202"
"203","1","Computer Science & Engineering","CSE","4","Electrical Circuits","9","Fall 24","2","Final","2","2024-12-23T18:46:59.000000Z","https://diuqbank.com/questions/203"
"204","1","Computer Science & Engineering","CSE","26","Computer Networks","9","Fall 24","2","Final","2","2024-12-23T19:33:26.000000Z","https://diuqbank.com/questions/204"
"205","1","Computer Science & Engineering","CSE","10","Physics I","9","Fall 24","2","Final","3","2024-12-24T23:35:42.000000Z","https://diuqbank.com/questions/205"
"206","2","Electrical & Electronic Engineering","EEE","74","Physics I","9","Fall 24","2","Final","1","2024-12-25T00:41:43.000000Z","https://diuqbank.com/questions/206"
"207","4","Software Engineering","SWE","55","Mathematics I","9","Fall 24","2","Final","1","2024-12-25T00:50:06.000000Z","https://diuqbank.com/questions/207"
"208","2","Electrical & Electronic Engineering","EEE","75","Chemistry ","9","Fall 24","2","Final","1","2024-12-25T01:04:08.000000Z","https://diuqbank.com/questions/208"
"209","1","Computer Science & Engineering","CSE","62","Natural Language Processing","9","Fall 24","2","Final","2","2024-12-25T10:12:34.000000Z","https://diuqbank.com/questions/209"
"210","1","Computer Science & Engineering","CSE","1","Physics II","9","Fall 24","2","Final","2","2024-12-26T11:58:51.000000Z","https://diuqbank.com/questions/210"
"211","1","Computer Science & Engineering","CSE","20","Object oriented programming","9","Fall 24","2","Final","1","2024-12-26T14:02:02.000000Z","https://diuqbank.com/questions/211"
"212","1","Computer Science & Engineering","CSE","64","Bangladesh Studies","9","Fall 24","2","Final","1","2024-12-26T14:06:50.000000Z","https://diuqbank.com/questions/212"
"213","1","Computer Science & Engineering","CSE","9","Mathematics I","9","Fall 24","2","Final","2","2024-12-26T14:47:07.000000Z","https://diuqbank.com/questions/213"
"214","7","CIS","CIS","76","Mathematics I","9","Fall 24","2","Final","1","2024-12-26T16:03:07.000000Z","https://diuqbank.com/questions/214"
"215","7","CIS","CIS","77","Computer Fundamentals","9","Fall 24","2","Final","1","2024-12-26T16:09:09.000000Z","https://diuqbank.com/questions/215"
"216","1","Computer Science & Engineering","CSE","63","Financial and Managerial Accounting","9","Fall 24","2","Final","1","2024-12-27T21:49:41.000000Z","https://diuqbank.com/questions/216"
"217","1","Computer Science & Engineering","CSE","34","Engineering Mathematics","1","Spring 24","2","Final","1","2024-12-27T23:12:45.000000Z","https://diuqbank.com/questions/217"
"218","1","Computer Science & Engineering","CSE","29","Operating Systems","9","Fall 24","2","Final","1","2024-12-28T15:50:43.000000Z","https://diuqbank.com/questions/218"
"219","2","Electrical & Electronic Engineering","EEE","78","Differential and Integral Calculus","9","Fall 24","2","Final","1","2024-12-28T17:29:49.000000Z","https://diuqbank.com/questions/219"
"220","1","Computer Science & Engineering","CSE","66","Embedded Systems and IoT","9","Fall 24","2","Final","1","2024-12-28T19:12:24.000000Z","https://diuqbank.com/questions/220"
"221","1","Computer Science & Engineering","CSE","34","Engineering Mathematics","9","Fall 24","2","Final","1","2024-12-29T14:01:58.000000Z","https://diuqbank.com/questions/221"
"222","4","Software Engineering","SWE","79","Bangladesh Studies","9","Fall 24","2","Final","1","2024-12-29T14:31:05.000000Z","https://diuqbank.com/questions/222"
"223","1","Computer Science & Engineering","CSE","3","Writing and Comprehension","9","Fall 24","2","Final","1","2024-12-29T15:11:25.000000Z","https://diuqbank.com/questions/223"
"224","1","Computer Science & Engineering","CSE","11","Introduction to Biology and Chemistry for Computation","9","Fall 24","2","Final","2","2024-12-29T15:41:16.000000Z","https://diuqbank.com/questions/224"
"225","1","Computer Science & Engineering","CSE","67","Electronic Device and Circuits","9","Fall 24","2","Final","2","2024-12-30T23:23:20.000000Z","https://diuqbank.com/questions/225"
"226","1","Computer Science & Engineering","CSE","22","System Analysis and Design","9","Fall 24","2","Final","1","2024-12-31T00:44:15.000000Z","https://diuqbank.com/questions/226"
"227","1","Computer Science & Engineering","CSE","15","Numerical Methods ","9","Fall 24","2","Final","1","2024-12-31T14:07:36.000000Z","https://diuqbank.com/questions/227"
"228","4","Software Engineering","SWE","48","Principles of Accounting, Business & Economics","9","Fall 24","3","Quiz","1","2025-01-06T23:10:33.000000Z","https://diuqbank.com/questions/228"
"229","4","Software Engineering","SWE","49","Algorithm Design and Analysis ","9","Fall 24","4","Lab Final","1","2025-01-08T01:12:27.000000Z","https://diuqbank.com/questions/229"
"230","1","Computer Science & Engineering","CSE","5","Basic Functional English and English Spoken","9","Fall 24","2","Final","1","2025-01-13T02:12:17.000000Z","https://diuqbank.com/questions/230"
"231","7","CIS","CIS","80","Structured Programming","2","Fall 23","4","Lab Final","1","2025-01-18T13:09:31.000000Z","https://diuqbank.com/questions/231"
"232","7","CIS","CIS","81","Web Development Essentials","2","Fall 23","4","Lab Final","1","2025-01-18T13:10:35.000000Z","https://diuqbank.com/questions/232"
"233","7","CIS","CIS","82","Computer Networks","3","Spring 23","2","Final","1","2025-01-18T18:46:47.000000Z","https://diuqbank.com/questions/233"
"234","7","CIS","CIS","83","Electronic Device and Circuits","9","Fall 24","2","Final","1","2025-01-18T18:48:20.000000Z","https://diuqbank.com/questions/234"
"235","7","CIS","CIS","84","Database management System","9","Fall 24","4","Lab Final","1","2025-01-25T13:06:50.000000Z","https://diuqbank.com/questions/235"
"236","7","CIS","CIS","82","Computer Networks","9","Fall 24","3","Quiz","1","2025-01-25T13:09:07.000000Z","https://diuqbank.com/questions/236"
"237","7","CIS","CIS","82","Computer Networks","9","Fall 24","4","Lab Final","1","2025-01-25T13:10:19.000000Z","https://diuqbank.com/questions/237"
"238","7","CIS","CIS","85","Data Structures","9","Fall 24","4","Lab Final","1","2025-01-25T18:03:55.000000Z","https://diuqbank.com/questions/238"
"239","7","CIS","CIS","80","Structured Programming","1","Spring 24","4","Lab Final","1","2025-01-25T18:07:17.000000Z","https://diuqbank.com/questions/239"
"240","7","CIS","CIS","85","Data Structures","9","Fall 24","3","Quiz","1","2025-01-25T19:35:08.000000Z","https://diuqbank.com/questions/240"
"241","7","CIS","CIS","86","Algorithms","9","Fall 24","3","Quiz","1","2025-01-25T19:43:31.000000Z","https://diuqbank.com/questions/241"
"242","1","Computer Science & Engineering","CSE","17","Data communication","3","Spring 23","1","Mid","1","2025-02-09T10:22:42.000000Z","https://diuqbank.com/questions/242"
"243","1","Computer Science & Engineering","CSE","17","Data communication","3","Spring 23","2","Final","2","2025-02-09T10:25:40.000000Z","https://diuqbank.com/questions/243"
"244","1","Computer Science & Engineering","CSE","14","Discrete Mathematics","10","Spring 25","3","Quiz","1","2025-02-09T23:27:54.000000Z","https://diuqbank.com/questions/244"
"245","1","Computer Science & Engineering","CSE","20","Object oriented programming","10","Spring 25","3","Quiz","3","2025-02-11T01:52:02.000000Z","https://diuqbank.com/questions/245"
"246","1","Computer Science & Engineering","CSE","42","Theory of Computation","10","Spring 25","3","Quiz","1","2025-02-12T02:17:44.000000Z","https://diuqbank.com/questions/246"
"247","1","Computer Science & Engineering","CSE","63","Financial and Managerial Accounting","10","Spring 25","3","Quiz","3","2025-02-12T20:51:01.000000Z","https://diuqbank.com/questions/247"
"248","1","Computer Science & Engineering","CSE","43","Digital Logic Design","10","Spring 25","3","Quiz","1","2025-02-13T13:33:17.000000Z","https://diuqbank.com/questions/248"
"249","1","Computer Science & Engineering","CSE","17","Data communication","10","Spring 25","3","Quiz","2","2025-02-13T23:04:14.000000Z","https://diuqbank.com/questions/249"
"250","1","Computer Science & Engineering","CSE","2","Data Structures","10","Spring 25","3","Quiz","1","2025-02-13T23:47:05.000000Z","https://diuqbank.com/questions/250"
"251","1","Computer Science & Engineering","CSE","1","Physics II","10","Spring 25","3","Quiz","1","2025-02-13T23:50:01.000000Z","https://diuqbank.com/questions/251"
"252","1","Computer Science & Engineering","CSE","18","Algorithms","10","Spring 25","3","Quiz","1","2025-02-15T16:42:05.000000Z","https://diuqbank.com/questions/252"
"253","1","Computer Science & Engineering","CSE","11","Introduction to Biology and Chemistry for Computation","10","Spring 25","3","Quiz","2","2025-02-22T17:03:08.000000Z","https://diuqbank.com/questions/253"
"254","1","Computer Science & Engineering","CSE","28","Data Mining and Machine learning","10","Spring 25","3","Quiz","1","2025-02-28T22:42:38.000000Z","https://diuqbank.com/questions/254"
"255","1","Computer Science & Engineering","CSE","87","Software Engineering","10","Spring 25","3","Quiz","2","2025-02-28T22:44:17.000000Z","https://diuqbank.com/questions/255"
"256","1","Computer Science & Engineering","CSE","20","Object oriented programming","10","Spring 25","1","Mid","1","2025-03-01T10:38:23.000000Z","https://diuqbank.com/questions/256"
"257","4","Software Engineering","SWE","49","Algorithm Design and Analysis ","10","Spring 25","1","Mid","3","2025-03-01T13:23:34.000000Z","https://diuqbank.com/questions/257"
"258","1","Computer Science & Engineering","CSE","12","Computer Fundamentals","10","Spring 25","1","Mid","4","2025-03-01T13:32:16.000000Z","https://diuqbank.com/questions/258"
"259","1","Computer Science & Engineering","CSE","25","Database management System","10","Spring 25","1","Mid","4","2025-03-01T15:04:11.000000Z","https://diuqbank.com/questions/259"
"260","4","Software Engineering","SWE","88","English I","10","Spring 25","1","Mid","2","2025-03-01T22:23:56.000000Z","https://diuqbank.com/questions/260"
"261","1","Computer Science & Engineering","CSE","22","System Analysis and Design","10","Spring 25","1","Mid","2","2025-03-02T00:14:44.000000Z","https://diuqbank.com/questions/261"
"262","1","Computer Science & Engineering","CSE","64","Bangladesh Studies","10","Spring 25","1","Mid","3","2025-03-02T10:45:08.000000Z","https://diuqbank.com/questions/262"
"263","1","Computer Science & Engineering","CSE","2","Data Structures","10","Spring 25","1","Mid","3","2025-03-02T11:08:40.000000Z","https://diuqbank.com/questions/263"
"264","1","Computer Science & Engineering","CSE","43","Digital Logic Design","10","Spring 25","1","Mid","2","2025-03-02T12:55:05.000000Z","https://diuqbank.com/questions/264"
"265","4","Software Engineering","SWE","89","Object oriented programming","10","Spring 25","1","Mid","1","2025-03-02T13:36:13.000000Z","https://diuqbank.com/questions/265"
"266","1","Computer Science & Engineering","CSE","5","Basic Functional English and English Spoken","10","Spring 25","1","Mid","3","2025-03-02T14:05:33.000000Z","https://diuqbank.com/questions/266"
"267","1","Computer Science & Engineering","CSE","90","English I","10","Spring 25","1","Mid","1","2025-03-02T14:30:07.000000Z","https://diuqbank.com/questions/267"
"268","4","Software Engineering","SWE","91","Physics I","10","Spring 25","1","Mid","1","2025-03-02T23:13:13.000000Z","https://diuqbank.com/questions/268"
"269","4","Software Engineering","SWE","91","Physics I","2","Fall 23","1","Mid","1","2025-03-02T23:17:33.000000Z","https://diuqbank.com/questions/269"
"270","4","Software Engineering","SWE","91","Physics I","9","Fall 24","1","Mid","1","2025-03-02T23:30:33.000000Z","https://diuqbank.com/questions/270"
"271","4","Software Engineering","SWE","92","Software Requirement & Specifications ","9","Fall 24","1","Mid","1","2025-03-02T23:34:14.000000Z","https://diuqbank.com/questions/271"
"272","1","Computer Science & Engineering","CSE","16","Compiler Design","10","Spring 25","1","Mid","2","2025-03-03T09:58:44.000000Z","https://diuqbank.com/questions/272"
"273","1","Computer Science & Engineering","CSE","26","Computer Networks","10","Spring 25","1","Mid","1","2025-03-03T11:38:42.000000Z","https://diuqbank.com/questions/273"
"274","1","Computer Science & Engineering","CSE","18","Algorithms","10","Spring 25","1","Mid","3","2025-03-03T12:51:24.000000Z","https://diuqbank.com/questions/274"
"275","1","Computer Science & Engineering","CSE","1","Physics II","10","Spring 25","1","Mid","2","2025-03-03T13:09:11.000000Z","https://diuqbank.com/questions/275"
"276","4","Software Engineering","SWE","45","Theory of Computing ","10","Spring 25","1","Mid","2","2025-03-03T13:48:00.000000Z","https://diuqbank.com/questions/276"
"277","4","Software Engineering","SWE","79","Bangladesh Studies","10","Spring 25","1","Mid","2","2025-03-03T16:16:34.000000Z","https://diuqbank.com/questions/277"
"278","1","Computer Science & Engineering","CSE","9","Mathematics I","9","Fall 24","3","Quiz","1","2025-03-04T00:02:08.000000Z","https://diuqbank.com/questions/278"
"279","1","Computer Science & Engineering","CSE","17","Data communication","10","Spring 25","1","Mid","3","2025-03-04T10:37:27.000000Z","https://diuqbank.com/questions/279"
"280","1","Computer Science & Engineering","CSE","9","Mathematics I","10","Spring 25","1","Mid","3","2025-03-04T11:14:29.000000Z","https://diuqbank.com/questions/280"
"281","4","Software Engineering","SWE","92","Software Requirement & Specifications ","10","Spring 25","1","Mid","1","2025-03-04T15:28:37.000000Z","https://diuqbank.com/questions/281"
"282","1","Computer Science & Engineering","CSE","87","Software Engineering","10","Spring 25","1","Mid","1","2025-03-04T22:52:21.000000Z","https://diuqbank.com/questions/282"
"283","1","Computer Science & Engineering","CSE","63","Financial and Managerial Accounting","10","Spring 25","1","Mid","1","2025-03-05T11:21:23.000000Z","https://diuqbank.com/questions/283"
"284","1","Computer Science & Engineering","CSE","14","Discrete Mathematics","10","Spring 25","1","Mid","3","2025-03-05T12:50:49.000000Z","https://diuqbank.com/questions/284"
"285","4","Software Engineering","SWE","93","Software Engineering","10","Spring 25","1","Mid","1","2025-03-05T15:29:21.000000Z","https://diuqbank.com/questions/285"
"286","4","Software Engineering","SWE","94","Mathematic II","9","Fall 24","1","Mid","1","2025-03-05T20:42:03.000000Z","https://diuqbank.com/questions/286"
"287","1","Computer Science & Engineering","CSE","3","Writing and Comprehension","10","Spring 25","1","Mid","2","2025-03-06T10:40:51.000000Z","https://diuqbank.com/questions/287"
"288","1","Computer Science & Engineering","CSE","42","Theory of Computation","10","Spring 25","1","Mid","1","2025-03-06T10:41:51.000000Z","https://diuqbank.com/questions/288"
"289","4","Software Engineering","SWE","94","Mathematic II","10","Spring 25","1","Mid","1","2025-03-06T15:28:59.000000Z","https://diuqbank.com/questions/289"
"290","4","Software Engineering","SWE","95","Structured Programming","9","Fall 24","1","Mid","1","2025-03-06T15:49:03.000000Z","https://diuqbank.com/questions/290"
"291","1","Computer Science & Engineering","CSE","56","Information Security","10","Spring 25","1","Mid","1","2025-03-06T16:53:59.000000Z","https://diuqbank.com/questions/291"
"292","1","Computer Science & Engineering","CSE","11","Introduction to Biology and Chemistry for Computation","10","Spring 25","1","Mid","2","2025-03-06T20:46:30.000000Z","https://diuqbank.com/questions/292"
"293","1","Computer Science & Engineering","CSE","96","Mobile Application Design","10","Spring 25","1","Mid","1","2025-03-07T11:08:54.000000Z","https://diuqbank.com/questions/293"
"294","1","Computer Science & Engineering","CSE","27","Artificial Intelligence","10","Spring 25","1","Mid","1","2025-03-07T11:17:00.000000Z","https://diuqbank.com/questions/294"
"295","8","GEB","GEB","97","English I","10","Spring 25","1","Mid","1","2025-03-07T14:56:23.000000Z","https://diuqbank.com/questions/295"
"296","8","GEB","GEB","98","Introductory Animal Science ","10","Spring 25","1","Mid","1","2025-03-07T15:05:31.000000Z","https://diuqbank.com/questions/296"
"297","8","GEB","GEB","99","Introduction to GEB ","10","Spring 25","1","Mid","1","2025-03-07T15:07:05.000000Z","https://diuqbank.com/questions/297"
"298","1","Computer Science & Engineering","CSE","28","Data Mining and Machine learning","10","Spring 25","1","Mid","2","2025-03-08T11:40:21.000000Z","https://diuqbank.com/questions/298"
"299","1","Computer Science & Engineering","CSE","34","Engineering Mathematics","10","Spring 25","1","Mid","2","2025-03-08T12:39:08.000000Z","https://diuqbank.com/questions/299"
"300","4","Software Engineering","SWE","72","Computer Fundamentals","10","Spring 25","1","Mid","2","2025-03-08T13:45:42.000000Z","https://diuqbank.com/questions/300"
"301","1","Computer Science & Engineering","CSE","33","Mathematics II","10","Spring 25","1","Mid","2","2025-03-08T20:51:27.000000Z","https://diuqbank.com/questions/301"
"302","1","Computer Science & Engineering","CSE","32","Computer Architecture & Organization","10","Spring 25","1","Mid","1","2025-03-09T13:50:12.000000Z","https://diuqbank.com/questions/302"
"303","4","Software Engineering","SWE","47","Introduction to Robotics ","10","Spring 25","1","Mid","2","2025-03-13T22:27:21.000000Z","https://diuqbank.com/questions/303"
"304","4","Software Engineering","SWE","100","Object Oriented Design (OOD)","10","Spring 25","1","Mid","1","2025-03-13T22:28:39.000000Z","https://diuqbank.com/questions/304"
"305","4","Software Engineering","SWE","50","Database Systems","10","Spring 25","1","Mid","1","2025-03-13T22:31:06.000000Z","https://diuqbank.com/questions/305"
"306","4","Software Engineering","SWE","95","Structured Programming","10","Spring 25","1","Mid","1","2025-03-15T20:43:28.000000Z","https://diuqbank.com/questions/306"
"307","2","Electrical & Electronic Engineering","EEE","101","Energy Conversion-I","10","Spring 25","1","Mid","1","2025-03-17T22:02:01.000000Z","https://diuqbank.com/questions/307"
"308","2","Electrical & Electronic Engineering","EEE","102","Electronics-I","10","Spring 25","1","Mid","1","2025-03-18T00:22:28.000000Z","https://diuqbank.com/questions/308"
"309","2","Electrical & Electronic Engineering","EEE","103","Electrical Properties of Materials","10","Spring 25","1","Mid","1","2025-03-18T00:27:07.000000Z","https://diuqbank.com/questions/309"
"310","2","Electrical & Electronic Engineering","EEE","101","Energy Conversion-I","10","Spring 25","3","Quiz","1","2025-03-18T02:24:54.000000Z","https://diuqbank.com/questions/310"
"311","2","Electrical & Electronic Engineering","EEE","103","Electrical Properties of Materials","10","Spring 25","3","Quiz","1","2025-03-18T02:29:40.000000Z","https://diuqbank.com/questions/311"
"312","1","Computer Science & Engineering","CSE","63","Financial and Managerial Accounting","9","Fall 24","3","Quiz","1","2025-03-19T13:29:26.000000Z","https://diuqbank.com/questions/312"
"313","2","Electrical & Electronic Engineering","EEE","104","Coordinate Geometry and Vector Analysis","10","Spring 25","1","Mid","1","2025-03-19T17:26:08.000000Z","https://diuqbank.com/questions/313"
"314","2","Electrical & Electronic Engineering","EEE","105","Continuous Signal and Linear Systems","10","Spring 25","1","Mid","1","2025-03-19T17:48:33.000000Z","https://diuqbank.com/questions/314"
"315","2","Electrical & Electronic Engineering","EEE","8","Electrical Circuits II","9","Fall 24","2","Final","1","2025-03-19T18:07:24.000000Z","https://diuqbank.com/questions/315"
"316","2","Electrical & Electronic Engineering","EEE","106","Ordinary and Partial Differential Equation","9","Fall 24","1","Mid","1","2025-03-19T18:11:02.000000Z","https://diuqbank.com/questions/316"
"317","2","Electrical & Electronic Engineering","EEE","107","Basic Mechanical Engineering ","9","Fall 24","1","Mid","1","2025-03-19T18:17:38.000000Z","https://diuqbank.com/questions/317"
"318","2","Electrical & Electronic Engineering","EEE","108","Art of Living & Engineering Ethics","9","Fall 24","1","Mid","1","2025-03-19T18:25:57.000000Z","https://diuqbank.com/questions/318"
"319","2","Electrical & Electronic Engineering","EEE","7","Linear Algebra and Complex variable","9","Fall 24","2","Final","1","2025-03-19T18:29:43.000000Z","https://diuqbank.com/questions/319"
"320","2","Electrical & Electronic Engineering","EEE","108","Art of Living & Engineering Ethics","9","Fall 24","2","Final","1","2025-03-19T18:31:53.000000Z","https://diuqbank.com/questions/320"
"321","2","Electrical & Electronic Engineering","EEE","106","Ordinary and Partial Differential Equation","9","Fall 24","2","Final","1","2025-03-19T18:33:49.000000Z","https://diuqbank.com/questions/321"
"322","2","Electrical & Electronic Engineering","EEE","107","Basic Mechanical Engineering ","9","Fall 24","2","Final","1","2025-03-19T18:39:17.000000Z","https://diuqbank.com/questions/322"
"323","7","CIS","CIS","84","Database management System","10","Spring 25","3","Quiz","1","2025-04-11T10:14:20.000000Z","https://diuqbank.com/questions/323"
"324","7","CIS","CIS","109","Bangladesh Studies","10","Spring 25","1","Mid","1","2025-04-13T15:33:53.000000Z","https://diuqbank.com/questions/324"
"325","6","Civil Engineering","CE","110","Mechanics of Solids I","10","Spring 25","1","Mid","1","2025-04-15T18:52:42.000000Z","https://diuqbank.com/questions/325"
"326","6","Civil Engineering","CE","111","Numerical Methods ","10","Spring 25","1","Mid","1","2025-04-15T19:02:52.000000Z","https://diuqbank.com/questions/326"
"327","6","Civil Engineering","CE","112","Engineering Materials","10","Spring 25","1","Mid","1","2025-04-15T19:21:21.000000Z","https://diuqbank.com/questions/327"
"328","6","Civil Engineering","CE","113","Vector Analysis and Statistics","10","Spring 25","1","Mid","1","2025-04-15T19:25:47.000000Z","https://diuqbank.com/questions/328"
"329","6","Civil Engineering","CE","114","Engineering Geology and Geomorphology","9","Fall 24","2","Final","1","2025-04-15T20:01:27.000000Z","https://diuqbank.com/questions/329"
"330","7","CIS","CIS","84","Database management System","10","Spring 25","4","Lab Final","1","2025-04-16T10:40:59.000000Z","https://diuqbank.com/questions/330"
"331","1","Computer Science & Engineering","CSE","115","Computer Graphics","9","Fall 24","2","Final","1","2025-04-19T07:51:49.000000Z","https://diuqbank.com/questions/331"
"332","3","ITM","ITM","116","Database management System","10","Spring 25","2","Final","1","2025-04-19T08:02:51.000000Z","https://diuqbank.com/questions/332"
"333","1","Computer Science & Engineering","CSE","20","Object oriented programming","10","Spring 25","2","Final","1","2025-04-19T10:34:47.000000Z","https://diuqbank.com/questions/333"
"334","1","Computer Science & Engineering","CSE","12","Computer Fundamentals","10","Spring 25","2","Final","3","2025-04-19T11:01:48.000000Z","https://diuqbank.com/questions/334"
"335","1","Computer Science & Engineering","CSE","25","Database management System","10","Spring 25","2","Final","2","2025-04-19T13:41:52.000000Z","https://diuqbank.com/questions/335"
"336","4","Software Engineering","SWE","88","English I","10","Spring 25","2","Final","3","2025-04-19T14:02:27.000000Z","https://diuqbank.com/questions/336"
"337","1","Computer Science & Engineering","CSE","16","Compiler Design","10","Spring 25","2","Final","1","2025-04-19T19:59:54.000000Z","https://diuqbank.com/questions/337"
"338","8","GEB","GEB","99","Introduction to GEB ","10","Spring 25","2","Final","1","2025-04-19T21:46:43.000000Z","https://diuqbank.com/questions/338"
"339","1","Computer Science & Engineering","CSE","22","System Analysis and Design","10","Spring 25","2","Final","1","2025-04-19T23:41:48.000000Z","https://diuqbank.com/questions/339"
"340","1","Computer Science & Engineering","CSE","11","Introduction to Biology and Chemistry for Computation","10","Spring 25","2","Final","2","2025-04-19T23:43:44.000000Z","https://diuqbank.com/questions/340"
"341","4","Software Engineering","SWE","117","Introduction to software engineering - SE113","10","Spring 25","1","Mid","1","2025-04-20T09:09:00.000000Z","https://diuqbank.com/questions/341"
"342","1","Computer Science & Engineering","CSE","64","Bangladesh Studies","10","Spring 25","2","Final","2","2025-04-20T10:05:56.000000Z","https://diuqbank.com/questions/342"
"343","7","CIS","CIS","118","Writing and Comprehension","10","Spring 25","2","Final","1","2025-04-20T12:47:26.000000Z","https://diuqbank.com/questions/343"
"344","1","Computer Science & Engineering","CSE","2","Data Structures","10","Spring 25","2","Final","3","2025-04-20T12:51:19.000000Z","https://diuqbank.com/questions/344"
"345","4","Software Engineering","SWE","119","Design Pattern ","10","Spring 25","2","Final","1","2025-04-20T13:01:58.000000Z","https://diuqbank.com/questions/345"
"346","1","Computer Science & Engineering","CSE","5","Basic Functional English and English Spoken","10","Spring 25","2","Final","2","2025-04-20T13:28:50.000000Z","https://diuqbank.com/questions/346"
"347","1","Computer Science & Engineering","CSE","56","Information Security","9","Fall 24","2","Final","1","2025-04-21T00:58:35.000000Z","https://diuqbank.com/questions/347"
"348","7","CIS","CIS","82","Computer Networks","10","Spring 25","3","Quiz","2","2025-04-21T05:40:42.000000Z","https://diuqbank.com/questions/348"
"349","1","Computer Science & Engineering","CSE","63","Financial and Managerial Accounting","10","Spring 25","2","Final","3","2025-04-21T10:45:46.000000Z","https://diuqbank.com/questions/349"
"350","4","Software Engineering","SWE","91","Physics I","10","Spring 25","2","Final","1","2025-04-21T12:27:10.000000Z","https://diuqbank.com/questions/350"
"351","1","Computer Science & Engineering","CSE","14","Discrete Mathematics","10","Spring 25","2","Final","3","2025-04-21T12:55:13.000000Z","https://diuqbank.com/questions/351"
"352","4","Software Engineering","SWE","45","Theory of Computing ","10","Spring 25","2","Final","1","2025-04-21T13:46:20.000000Z","https://diuqbank.com/questions/352"
"353","1","Computer Science & Engineering","CSE","33","Mathematics II","10","Spring 25","2","Final","3","2025-04-21T16:53:20.000000Z","https://diuqbank.com/questions/353"
"354","3","ITM","ITM","37","Introduction to Finance","10","Spring 25","2","Final","1","2025-04-21T17:04:50.000000Z","https://diuqbank.com/questions/354"
"355","1","Computer Science & Engineering","CSE","87","Software Engineering","6","Summer 21","2","Final","1","2025-04-21T19:54:09.000000Z","https://diuqbank.com/questions/355"
"356","1","Computer Science & Engineering","CSE","120","Social and Professional Issues in Computing","10","Spring 25","2","Final","1","2025-04-21T23:38:43.000000Z","https://diuqbank.com/questions/356"
"357","1","Computer Science & Engineering","CSE","56","Information Security","10","Spring 25","2","Final","1","2025-04-21T23:42:04.000000Z","https://diuqbank.com/questions/357"
"358","1","Computer Science & Engineering","CSE","17","Data communication","10","Spring 25","2","Final","1","2025-04-22T10:09:35.000000Z","https://diuqbank.com/questions/358"
"359","4","Software Engineering","SWE","117","Introduction to software engineering - SE113","10","Spring 25","2","Final","3","2025-04-22T11:22:59.000000Z","https://diuqbank.com/questions/359"
"360","8","GEB","GEB","98","Introductory Animal Science ","10","Spring 25","2","Final","1","2025-04-22T16:39:36.000000Z","https://diuqbank.com/questions/360"
"361","1","Computer Science & Engineering","CSE","27","Artificial Intelligence","10","Spring 25","2","Final","1","2025-04-22T19:10:45.000000Z","https://diuqbank.com/questions/361"
"362","7","CIS","CIS","84","Database management System","10","Spring 25","2","Final","1","2025-04-22T19:49:04.000000Z","https://diuqbank.com/questions/362"
"363","7","CIS","CIS","109","Bangladesh Studies","10","Spring 25","2","Final","1","2025-04-22T19:53:30.000000Z","https://diuqbank.com/questions/363"
"364","1","Computer Science & Engineering","CSE","15","Numerical Methods ","1","Spring 24","2","Final","1","2025-04-23T01:50:24.000000Z","https://diuqbank.com/questions/364"
"365","3","ITM","ITM","121","Business and Web Analytics","10","Spring 25","2","Final","1","2025-04-23T15:56:32.000000Z","https://diuqbank.com/questions/365"
"366","1","Computer Science & Engineering","CSE","43","Digital Logic Design","10","Spring 25","2","Final","1","2025-04-24T10:23:04.000000Z","https://diuqbank.com/questions/366"
"367","1","Computer Science & Engineering","CSE","9","Mathematics I","10","Spring 25","2","Final","2","2025-04-24T12:13:25.000000Z","https://diuqbank.com/questions/367"
"368","7","CIS","CIS","82","Computer Networks","10","Spring 25","2","Final","1","2025-04-24T14:47:16.000000Z","https://diuqbank.com/questions/368"
"369","1","Computer Science & Engineering","CSE","28","Data Mining and Machine learning","10","Spring 25","2","Final","1","2025-04-24T15:57:38.000000Z","https://diuqbank.com/questions/369"
"370","1","Computer Science & Engineering","CSE","87","Software Engineering","10","Spring 25","2","Final","1","2025-04-24T15:59:21.000000Z","https://diuqbank.com/questions/370"
"371","1","Computer Science & Engineering","CSE","18","Algorithms","10","Spring 25","2","Final","1","2025-04-24T16:31:55.000000Z","https://diuqbank.com/questions/371"
"372","1","Computer Science & Engineering","CSE","32","Computer Architecture & Organization","10","Spring 25","2","Final","1","2025-04-24T22:49:46.000000Z","https://diuqbank.com/questions/372"
"373","1","Computer Science & Engineering","CSE","1","Physics II","10","Spring 25","2","Final","3","2025-04-25T13:41:13.000000Z","https://diuqbank.com/questions/373"
"374","7","CIS","CIS","81","Web Development Essentials","10","Spring 25","2","Final","2","2025-04-25T13:59:28.000000Z","https://diuqbank.com/questions/374"
"375","4","Software Engineering","SWE","122","Data Communication & Computer Networking Lab","10","Spring 25","4","Lab Final","1","2025-04-25T16:25:37.000000Z","https://diuqbank.com/questions/375"
"376","1","Computer Science & Engineering","CSE","15","Numerical Methods ","10","Spring 25","2","Final","1","2025-04-25T20:25:06.000000Z","https://diuqbank.com/questions/376"
"377","3","ITM","ITM","123","Data structure and algorithm","9","Fall 24","2","Final","1","2025-04-25T20:53:29.000000Z","https://diuqbank.com/questions/377"
"378","1","Computer Science & Engineering","CSE","42","Theory of Computation","10","Spring 25","2","Final","1","2025-04-26T17:54:11.000000Z","https://diuqbank.com/questions/378"
"379","1","Computer Science & Engineering","CSE","34","Engineering Mathematics","10","Spring 25","2","Final","2","2025-04-26T17:59:32.000000Z","https://diuqbank.com/questions/379"
"380","8","GEB","GEB","124","Basic Plant Science","10","Spring 25","2","Final","1","2025-04-26T18:53:04.000000Z","https://diuqbank.com/questions/380"
"381","8","GEB","GEB","125","Mobile Application Design","10","Spring 25","2","Final","1","2025-04-26T20:46:10.000000Z","https://diuqbank.com/questions/381"
"382","8","GEB","GEB","126","Communicative English","10","Spring 25","2","Final","1","2025-04-26T20:49:01.000000Z","https://diuqbank.com/questions/382"
"383","1","Computer Science & Engineering","CSE","3","Writing and Comprehension","10","Spring 25","2","Final","2","2025-04-27T17:30:38.000000Z","https://diuqbank.com/questions/383"
"384","7","CIS","CIS","82","Computer Networks","10","Spring 25","4","Lab Final","1","2025-04-27T17:38:05.000000Z","https://diuqbank.com/questions/384"
"385","1","Computer Science & Engineering","CSE","26","Computer Networks","10","Spring 25","2","Final","1","2025-04-28T09:18:32.000000Z","https://diuqbank.com/questions/385"
"386","4","Software Engineering","SWE","79","Bangladesh Studies","10","Spring 25","2","Final","2","2025-05-08T17:00:14.000000Z","https://diuqbank.com/questions/386"
"387","4","Software Engineering","SWE","72","Computer Fundamentals","10","Spring 25","2","Final","2","2025-05-08T17:11:56.000000Z","https://diuqbank.com/questions/387"
"388","1","Computer Science & Engineering","CSE","96","Mobile Application Design","10","Spring 25","2","Final","1","2025-05-17T08:27:07.000000Z","https://diuqbank.com/questions/388"
"389","8","GEB","GEB","124","Basic Plant Science","10","Spring 25","1","Mid","1","2025-05-17T08:30:55.000000Z","https://diuqbank.com/questions/389"
"390","7","CIS","CIS","127","Object oriented programming","10","Spring 25","2","Final","1","2025-05-20T18:28:05.000000Z","https://diuqbank.com/questions/390"
"391","7","CIS","CIS","128","Principles of Accounting, Business & Economics","10","Spring 25","3","Quiz","1","2025-05-20T18:38:34.000000Z","https://diuqbank.com/questions/391"
"392","7","CIS","CIS","127","Object oriented programming","10","Spring 25","3","Quiz","1","2025-05-20T18:43:46.000000Z","https://diuqbank.com/questions/392"
"393","1","Computer Science & Engineering","CSE","11","Introduction to Biology and Chemistry for Computation","11","Summer 25","3","Quiz","2","2025-05-26T20:12:54.000000Z","https://diuqbank.com/questions/393"
"394","1","Computer Science & Engineering","CSE","22","System Analysis and Design","11","Summer 25","3","Quiz","1","2025-05-27T13:10:09.000000Z","https://diuqbank.com/questions/394"
"395","1","Computer Science & Engineering","CSE","25","Database management System","11","Summer 25","3","Quiz","4","2025-05-27T22:01:31.000000Z","https://diuqbank.com/questions/395"
"396","6","Civil Engineering","CE","129","Engineering Materials Lab","1","Spring 24","4","Lab Final","1","2025-05-30T09:08:05.000000Z","https://diuqbank.com/questions/396"
"397","6","Civil Engineering","CE","130","Computer Programming Lab","10","Spring 25","4","Lab Final","1","2025-05-30T09:10:26.000000Z","https://diuqbank.com/questions/397"
"398","6","Civil Engineering","CE","112","Engineering Materials","10","Spring 25","2","Final","1","2025-05-30T09:12:30.000000Z","https://diuqbank.com/questions/398"
"399","1","Computer Science & Engineering","CSE","15","Numerical Methods ","3","Spring 23","2","Final","1","2025-06-01T11:29:51.000000Z","https://diuqbank.com/questions/399"
"400","1","Computer Science & Engineering","CSE","131","Web Engineeing","10","Spring 25","1","Mid","1","2025-06-01T11:33:33.000000Z","https://diuqbank.com/questions/400"
"401","1","Computer Science & Engineering","CSE","115","Computer Graphics","10","Spring 25","1","Mid","1","2025-06-01T11:34:08.000000Z","https://diuqbank.com/questions/401"
"402","1","Computer Science & Engineering","CSE","131","Web Engineeing","10","Spring 25","2","Final","1","2025-06-01T11:34:46.000000Z","https://diuqbank.com/questions/402"
"403","1","Computer Science & Engineering","CSE","62","Natural Language Processing","10","Spring 25","2","Final","1","2025-06-01T11:35:27.000000Z","https://diuqbank.com/questions/403"
"404","1","Computer Science & Engineering","CSE","18","Algorithms","3","Spring 23","2","Final","1","2025-06-01T11:36:54.000000Z","https://diuqbank.com/questions/404"
"405","1","Computer Science & Engineering","CSE","62","Natural Language Processing","10","Spring 25","1","Mid","1","2025-06-01T11:37:34.000000Z","https://diuqbank.com/questions/405"
"406","1","Computer Science & Engineering","CSE","34","Engineering Mathematics","7","Fall 22","1","Mid","1","2025-06-01T11:38:17.000000Z","https://diuqbank.com/questions/406"
"407","1","Computer Science & Engineering","CSE","19","Basic Electronics","7","Fall 22","1","Mid","1","2025-06-01T11:42:33.000000Z","https://diuqbank.com/questions/407"
"408","1","Computer Science & Engineering","CSE","132","Pervasive Computing","1","Spring 24","1","Mid","1","2025-06-01T11:43:16.000000Z","https://diuqbank.com/questions/408"
"409","1","Computer Science & Engineering","CSE","23","Microprocessor, Embedded Systems & IoT","2","Fall 23","1","Mid","1","2025-06-01T11:45:34.000000Z","https://diuqbank.com/questions/409"
"410","1","Computer Science & Engineering","CSE","24","Math for Computer Science","2","Fall 23","1","Mid","1","2025-06-01T11:46:14.000000Z","https://diuqbank.com/questions/410"
"411","1","Computer Science & Engineering","CSE","4","Electrical Circuits","7","Fall 22","1","Mid","1","2025-06-01T11:47:02.000000Z","https://diuqbank.com/questions/411"
"412","1","Computer Science & Engineering","CSE","26","Computer Networks","2","Fall 23","1","Mid","1","2025-06-01T11:47:40.000000Z","https://diuqbank.com/questions/412"
"413","1","Computer Science & Engineering","CSE","63","Financial and Managerial Accounting","7","Fall 22","1","Mid","1","2025-06-01T11:49:25.000000Z","https://diuqbank.com/questions/413"
"414","1","Computer Science & Engineering","CSE","30","Statistics and Probability","3","Spring 23","2","Final","1","2025-06-01T11:52:27.000000Z","https://diuqbank.com/questions/414"
"415","1","Computer Science & Engineering","CSE","25","Database management System","2","Fall 23","1","Mid","1","2025-06-01T11:54:49.000000Z","https://diuqbank.com/questions/415"
"416","1","Computer Science & Engineering","CSE","115","Computer Graphics","10","Spring 25","2","Final","1","2025-06-01T11:55:30.000000Z","https://diuqbank.com/questions/416"
"417","1","Computer Science & Engineering","CSE","15","Numerical Methods ","11","Summer 25","3","Quiz","1","2025-06-17T17:19:10.000000Z","https://diuqbank.com/questions/417"
"418","1","Computer Science & Engineering","CSE","26","Computer Networks","11","Summer 25","3","Quiz","3","2025-06-17T23:12:27.000000Z","https://diuqbank.com/questions/418"
"419","1","Computer Science & Engineering","CSE","20","Object oriented programming","11","Summer 25","3","Quiz","1","2025-06-18T15:12:49.000000Z","https://diuqbank.com/questions/419"
"420","2","Electrical & Electronic Engineering","EEE","107","Basic Mechanical Engineering ","10","Spring 25","2","Final","1","2025-06-19T10:44:56.000000Z","https://diuqbank.com/questions/420"
"421","7","CIS","CIS","133","Big Data Analytics & Applications","9","Fall 24","3","Quiz","1","2025-06-20T16:35:29.000000Z","https://diuqbank.com/questions/421"
"422","7","CIS","CIS","134","Art of Living ","10","Spring 25","2","Final","1","2025-06-20T16:36:49.000000Z","https://diuqbank.com/questions/422"
"423","7","CIS","CIS","134","Art of Living ","10","Spring 25","1","Mid","1","2025-06-20T16:37:46.000000Z","https://diuqbank.com/questions/423"
"424","7","CIS","CIS","133","Big Data Analytics & Applications","10","Spring 25","2","Final","1","2025-06-20T16:39:00.000000Z","https://diuqbank.com/questions/424"
"425","7","CIS","CIS","135","Network Security and Cryptography","10","Spring 25","2","Final","1","2025-06-20T16:48:28.000000Z","https://diuqbank.com/questions/425"
"426","2","Electrical & Electronic Engineering","EEE","8","Electrical Circuits II","10","Spring 25","2","Final","1","2025-06-21T13:35:42.000000Z","https://diuqbank.com/questions/426"
"427","9","TE","TE","136","Fabric Manufacturing l","10","Spring 25","2","Final","1","2025-06-28T08:40:29.000000Z","https://diuqbank.com/questions/427"
"428","1","Computer Science & Engineering","CSE","10","Physics I","11","Summer 25","1","Mid","6","2025-06-28T10:13:51.000000Z","https://diuqbank.com/questions/428"
"429","1","Computer Science & Engineering","CSE","12","Computer Fundamentals","11","Summer 25","3","Quiz","2","2025-06-28T11:08:20.000000Z","https://diuqbank.com/questions/429"
"430","1","Computer Science & Engineering","CSE","9","Mathematics I","11","Summer 25","3","Quiz","1","2025-06-28T11:17:24.000000Z","https://diuqbank.com/questions/430"
"431","1","Computer Science & Engineering","CSE","26","Computer Networks","11","Summer 25","1","Mid","1","2025-06-28T12:09:06.000000Z","https://diuqbank.com/questions/431"
"432","2","Electrical & Electronic Engineering","EEE","106","Ordinary and Partial Differential Equation","10","Spring 25","2","Final","1","2025-06-28T13:26:05.000000Z","https://diuqbank.com/questions/432"
"433","1","Computer Science & Engineering","CSE","29","Operating Systems","11","Summer 25","1","Mid","1","2025-06-28T13:52:25.000000Z","https://diuqbank.com/questions/433"
"434","1","Computer Science & Engineering","CSE","22","System Analysis and Design","7","Fall 22","1","Mid","1","2025-06-28T19:30:32.000000Z","https://diuqbank.com/questions/434"
"435","1","Computer Science & Engineering","CSE","22","System Analysis and Design","4","Spring 22","1","Mid","1","2025-06-28T19:31:25.000000Z","https://diuqbank.com/questions/435"
"436","4","Software Engineering","SWE","52","Software Quality Assurance & Testing","11","Summer 25","1","Mid","1","2025-06-28T19:41:24.000000Z","https://diuqbank.com/questions/436"
"437","1","Computer Science & Engineering","CSE","131","Web Engineeing","11","Summer 25","1","Mid","2","2025-06-28T20:36:37.000000Z","https://diuqbank.com/questions/437"
"438","8","GEB","GEB","137","Basic Microbiology","11","Summer 25","1","Mid","1","2025-06-28T23:54:51.000000Z","https://diuqbank.com/questions/438"
"439","1","Computer Science & Engineering","CSE","20","Object oriented programming","11","Summer 25","1","Mid","2","2025-06-29T12:08:11.000000Z","https://diuqbank.com/questions/439"
"440","1","Computer Science & Engineering","CSE","5","Basic Functional English and English Spoken","11","Summer 25","1","Mid","4","2025-06-29T20:13:51.000000Z","https://diuqbank.com/questions/440"
"441","4","Software Engineering","SWE","138","Digital Electronics and Logic Design","11","Summer 25","1","Mid","1","2025-06-29T23:14:39.000000Z","https://diuqbank.com/questions/441"
"442","4","Software Engineering","SWE","91","Physics I","11","Summer 25","1","Mid","2","2025-06-30T11:56:39.000000Z","https://diuqbank.com/questions/442"
"443","1","Computer Science & Engineering","CSE","6","Programming and Problem Solving","11","Summer 25","1","Mid","3","2025-06-30T13:06:28.000000Z","https://diuqbank.com/questions/443"
"444","10","NFE","NFE","139","Introduction to food science and technology","11","Summer 25","1","Mid","1","2025-06-30T13:59:49.000000Z","https://diuqbank.com/questions/444"
"445","10","NFE","NFE","140","Communicative English","11","Summer 25","1","Mid","1","2025-06-30T14:08:24.000000Z","https://diuqbank.com/questions/445"
"446","1","Computer Science & Engineering","CSE","22","System Analysis and Design","11","Summer 25","1","Mid","3","2025-06-30T14:58:07.000000Z","https://diuqbank.com/questions/446"
"447","4","Software Engineering","SWE","141","Data Structures","11","Summer 25","3","Quiz","1","2025-06-30T15:36:14.000000Z","https://diuqbank.com/questions/447"
"448","4","Software Engineering","SWE","138","Digital Electronics and Logic Design","9","Fall 24","1","Mid","1","2025-06-30T15:46:31.000000Z","https://diuqbank.com/questions/448"
"449","4","Software Engineering","SWE","138","Digital Electronics and Logic Design","2","Fall 23","1","Mid","1","2025-06-30T15:52:25.000000Z","https://diuqbank.com/questions/449"
"450","4","Software Engineering","SWE","117","Introduction to software engineering - SE113","1","Spring 24","2","Final","1","2025-06-30T16:03:44.000000Z","https://diuqbank.com/questions/450"
"451","4","Software Engineering","SWE","88","English I","1","Spring 24","2","Final","1","2025-06-30T16:05:58.000000Z","https://diuqbank.com/questions/451"
"452","4","Software Engineering","SWE","79","Bangladesh Studies","1","Spring 24","2","Final","1","2025-06-30T16:09:17.000000Z","https://diuqbank.com/questions/452"
"453","1","Computer Science & Engineering","CSE","16","Compiler Design","11","Summer 25","1","Mid","3","2025-06-30T16:12:10.000000Z","https://diuqbank.com/questions/453"
"454","4","Software Engineering","SWE","72","Computer Fundamentals","1","Spring 24","2","Final","1","2025-06-30T16:13:45.000000Z","https://diuqbank.com/questions/454"
"455","4","Software Engineering","SWE","55","Mathematics I","1","Spring 24","2","Final","1","2025-06-30T16:21:09.000000Z","https://diuqbank.com/questions/455"
"456","3","ITM","ITM","142","Bangladesh Studies","11","Summer 25","1","Mid","1","2025-06-30T20:03:56.000000Z","https://diuqbank.com/questions/456"
"457","1","Computer Science & Engineering","CSE","87","Software Engineering","11","Summer 25","1","Mid","2","2025-06-30T21:03:50.000000Z","https://diuqbank.com/questions/457"
"458","8","GEB","GEB","143","Principle of Genetics","11","Summer 25","1","Mid","1","2025-06-30T21:15:20.000000Z","https://diuqbank.com/questions/458"
"459","3","ITM","ITM","123","Data structure and algorithm","11","Summer 25","1","Mid","1","2025-06-30T21:40:48.000000Z","https://diuqbank.com/questions/459"
"460","3","ITM","ITM","123","Data structure and algorithm","11","Summer 25","3","Quiz","1","2025-06-30T21:44:29.000000Z","https://diuqbank.com/questions/460"
"461","3","ITM","ITM","116","Database management System","11","Summer 25","3","Quiz","1","2025-06-30T22:34:57.000000Z","https://diuqbank.com/questions/461"
"462","3","ITM","ITM","116","Database management System","9","Fall 24","1","Mid","1","2025-06-30T22:44:16.000000Z","https://diuqbank.com/questions/462"
"463","1","Computer Science & Engineering","CSE","67","Electronic Device and Circuits","11","Summer 25","1","Mid","4","2025-07-01T09:31:40.000000Z","https://diuqbank.com/questions/463"
"464","1","Computer Science & Engineering","CSE","34","Engineering Mathematics","11","Summer 25","1","Mid","3","2025-07-01T10:26:56.000000Z","https://diuqbank.com/questions/464"
"465","1","Computer Science & Engineering","CSE","18","Algorithms","11","Summer 25","1","Mid","3","2025-07-01T10:36:26.000000Z","https://diuqbank.com/questions/465"
"466","1","Computer Science & Engineering","CSE","12","Computer Fundamentals","11","Summer 25","1","Mid","5","2025-07-01T14:13:28.000000Z","https://diuqbank.com/questions/466"
"467","10","NFE","NFE","144","Physical Inorganic and Analytical Chemistry","1","Spring 24","1","Mid","1","2025-07-01T17:20:20.000000Z","https://diuqbank.com/questions/467"
"468","4","Software Engineering","SWE","92","Software Requirement & Specifications ","11","Summer 25","1","Mid","2","2025-07-01T18:01:44.000000Z","https://diuqbank.com/questions/468"
"469","10","NFE","NFE","144","Physical Inorganic and Analytical Chemistry","11","Summer 25","1","Mid","1","2025-07-02T11:04:11.000000Z","https://diuqbank.com/questions/469"
"470","1","Computer Science & Engineering","CSE","25","Database management System","11","Summer 25","1","Mid","1","2025-07-02T12:54:07.000000Z","https://diuqbank.com/questions/470"
"471","4","Software Engineering","SWE","145","Business Analysis & Communication","11","Summer 25","1","Mid","1","2025-07-02T18:28:18.000000Z","https://diuqbank.com/questions/471"
"472","1","Computer Science & Engineering","CSE","3","Writing and Comprehension","11","Summer 25","1","Mid","2","2025-07-02T20:51:14.000000Z","https://diuqbank.com/questions/472"
"473","1","Computer Science & Engineering","CSE","66","Embedded Systems and IoT","11","Summer 25","1","Mid","2","2025-07-03T10:42:59.000000Z","https://diuqbank.com/questions/473"
"474","1","Computer Science & Engineering","CSE","32","Computer Architecture & Organization","11","Summer 25","1","Mid","2","2025-07-03T11:05:14.000000Z","https://diuqbank.com/questions/474"
"475","1","Computer Science & Engineering","CSE","146","Microprocessor and Microcontroller","11","Summer 25","1","Mid","2","2025-07-03T11:11:53.000000Z","https://diuqbank.com/questions/475"
"476","1","Computer Science & Engineering","CSE","66","Embedded Systems and IoT","10","Spring 25","1","Mid","1","2025-07-03T11:49:34.000000Z","https://diuqbank.com/questions/476"
"477","1","Computer Science & Engineering","CSE","58","Art of Living ","11","Summer 25","1","Mid","1","2025-07-03T12:05:38.000000Z","https://diuqbank.com/questions/477"
"478","1","Computer Science & Engineering","CSE","14","Discrete Mathematics","11","Summer 25","1","Mid","2","2025-07-03T12:12:10.000000Z","https://diuqbank.com/questions/478"
"479","8","GEB","GEB","147","Computer Fundamental and Computational Biology","11","Summer 25","1","Mid","1","2025-07-03T12:21:27.000000Z","https://diuqbank.com/questions/479"
"480","8","GEB","GEB","148","Animal Reproduction and Embryology","11","Summer 25","1","Mid","1","2025-07-03T12:23:28.000000Z","https://diuqbank.com/questions/480"
"481","4","Software Engineering","SWE","48","Principles of Accounting, Business & Economics","11","Summer 25","1","Mid","1","2025-07-03T12:36:36.000000Z","https://diuqbank.com/questions/481"
"482","4","Software Engineering","SWE","149","Operating System and System Program","11","Summer 25","1","Mid","1","2025-07-03T12:38:26.000000Z","https://diuqbank.com/questions/482"
"483","1","Computer Science & Engineering","CSE","9","Mathematics I","11","Summer 25","1","Mid","3","2025-07-03T18:38:14.000000Z","https://diuqbank.com/questions/483"
"484","1","Computer Science & Engineering","CSE","146","Microprocessor and Microcontroller","11","Summer 25","3","Quiz","1","2025-07-03T18:48:52.000000Z","https://diuqbank.com/questions/484"
"485","1","Computer Science & Engineering","CSE","30","Statistics and Probability","11","Summer 25","3","Quiz","2","2025-07-03T18:54:06.000000Z","https://diuqbank.com/questions/485"
"486","1","Computer Science & Engineering","CSE","28","Data Mining and Machine learning","11","Summer 25","1","Mid","1","2025-07-03T19:21:10.000000Z","https://diuqbank.com/questions/486"
"487","1","Computer Science & Engineering","CSE","27","Artificial Intelligence","11","Summer 25","1","Mid","1","2025-07-03T19:38:27.000000Z","https://diuqbank.com/questions/487"
"488","1","Computer Science & Engineering","CSE","15","Numerical Methods ","11","Summer 25","1","Mid","1","2025-07-05T10:00:39.000000Z","https://diuqbank.com/questions/488"
"489","1","Computer Science & Engineering","CSE","4","Electrical Circuits","11","Summer 25","1","Mid","2","2025-07-05T13:06:50.000000Z","https://diuqbank.com/questions/489"
"490","4","Software Engineering","SWE","150","Software Engineering Web Application","11","Summer 25","1","Mid","1","2025-07-05T21:06:42.000000Z","https://diuqbank.com/questions/490"
"491","1","Computer Science & Engineering","CSE","33","Mathematics II","11","Summer 25","1","Mid","2","2025-07-05T21:51:18.000000Z","https://diuqbank.com/questions/491"
"492","1","Computer Science & Engineering","CSE","11","Introduction to Biology and Chemistry for Computation","11","Summer 25","1","Mid","2","2025-07-06T10:10:25.000000Z","https://diuqbank.com/questions/492"
"493","11","Multimedia & Creative Technology","MCT","151","Drawing and Sketching","11","Summer 25","1","Mid","1","2025-07-06T21:28:30.000000Z","https://diuqbank.com/questions/493"
"494","12","Agricultural Science","AGS","152","Fundamentals of Horticulture","10","Spring 25","1","Mid","1","2025-07-08T16:38:27.000000Z","https://diuqbank.com/questions/494"
"495","12","Agricultural Science","AGS","152","Fundamentals of Horticulture","11","Summer 25","1","Mid","1","2025-07-08T16:48:26.000000Z","https://diuqbank.com/questions/495"
"496","12","Agricultural Science","AGS","153","Bangla Language & Literature","11","Summer 25","1","Mid","1","2025-07-08T16:55:39.000000Z","https://diuqbank.com/questions/496"
"497","12","Agricultural Science","AGS","154","Basic English","11","Summer 25","1","Mid","1","2025-07-08T17:09:23.000000Z","https://diuqbank.com/questions/497"
"498","12","Agricultural Science","AGS","155","Principles of Agronomy","11","Summer 25","1","Mid","1","2025-07-09T02:52:28.000000Z","https://diuqbank.com/questions/498"
"499","12","Agricultural Science","AGS","155","Principles of Agronomy","10","Spring 25","1","Mid","1","2025-07-09T02:55:57.000000Z","https://diuqbank.com/questions/499"
"500","12","Agricultural Science","AGS","154","Basic English","10","Spring 25","1","Mid","1","2025-07-09T02:57:01.000000Z","https://diuqbank.com/questions/500"
"501","4","Software Engineering","SWE","156","Software Architecture & Design","11","Summer 25","1","Mid","1","2025-07-09T14:14:38.000000Z","https://diuqbank.com/questions/501"
"502","10","NFE","NFE","157","Physical Inorganic and Analytical Chemistry practicle","12","Summer 24","1","Mid","1","2025-07-11T20:09:09.000000Z","https://diuqbank.com/questions/502"
"503","1","Computer Science & Engineering","CSE","30","Statistics and Probability","11","Summer 25","1","Mid","1","2025-07-11T21:24:47.000000Z","https://diuqbank.com/questions/503"
"504","10","NFE","NFE","158","Food chemistry","10","Spring 25","2","Final","1","2025-07-13T17:07:35.000000Z","https://diuqbank.com/questions/504"
"505","10","NFE","NFE","159","Technology of fruits and vegetable","10","Spring 25","2","Final","1","2025-07-13T17:18:56.000000Z","https://diuqbank.com/questions/505"
"506","10","NFE","NFE","160","Management and Marketing in food Business","10","Spring 25","2","Final","1","2025-07-13T17:26:45.000000Z","https://diuqbank.com/questions/506"
"507","8","GEB","GEB","161","Microbial Genetics","11","Summer 25","1","Mid","1","2025-07-14T10:01:46.000000Z","https://diuqbank.com/questions/507"
"508","4","Software Engineering","SWE","95","Structured Programming","11","Summer 25","1","Mid","1","2025-07-21T16:32:42.000000Z","https://diuqbank.com/questions/508"
"509","4","Software Engineering","SWE","55","Mathematics I","11","Summer 25","1","Mid","1","2025-07-21T16:35:42.000000Z","https://diuqbank.com/questions/509"
"510","10","NFE","NFE","162","Basic human nutrition","10","Spring 25","2","Final","1","2025-07-29T22:54:38.000000Z","https://diuqbank.com/questions/510"
"511","10","NFE","NFE","139","Introduction to food science and technology","10","Spring 25","2","Final","1","2025-07-29T23:04:13.000000Z","https://diuqbank.com/questions/511"
"512","1","Computer Science & Engineering","CSE","163","English II","11","Summer 25","1","Mid","1","2025-07-30T09:50:44.000000Z","https://diuqbank.com/questions/512"
"513","10","NFE","NFE","164","Human physiology","11","Summer 25","1","Mid","1","2025-07-30T14:10:54.000000Z","https://diuqbank.com/questions/513"
"514","7","CIS","CIS","86","Algorithms","11","Summer 25","3","Quiz","1","2025-08-20T20:45:37.000000Z","https://diuqbank.com/questions/514"
"515","1","Computer Science & Engineering","CSE","26","Computer Networks","11","Summer 25","2","Final","3","2025-08-23T13:45:32.000000Z","https://diuqbank.com/questions/515"
"516","1","Computer Science & Engineering","CSE","29","Operating Systems","11","Summer 25","2","Final","1","2025-08-23T15:01:18.000000Z","https://diuqbank.com/questions/516"
"517","1","Computer Science & Engineering","CSE","32","Computer Architecture & Organization","11","Summer 25","2","Final","1","2025-08-23T16:02:53.000000Z","https://diuqbank.com/questions/517"
"518","1","Computer Science & Engineering","CSE","131","Web Engineeing","11","Summer 25","2","Final","2","2025-08-23T16:07:35.000000Z","https://diuqbank.com/questions/518"
"519","8","GEB","GEB","161","Microbial Genetics","11","Summer 25","2","Final","1","2025-08-23T20:13:57.000000Z","https://diuqbank.com/questions/519"
"520","8","GEB","GEB","99","Introduction to GEB ","11","Summer 25","2","Final","1","2025-08-23T20:18:54.000000Z","https://diuqbank.com/questions/520"
"521","4","Software Engineering","SWE","52","Software Quality Assurance & Testing","11","Summer 25","2","Final","1","2025-08-23T22:11:27.000000Z","https://diuqbank.com/questions/521"
"522","1","Computer Science & Engineering","CSE","22","System Analysis and Design","11","Summer 25","2","Final","1","2025-08-25T16:09:53.000000Z","https://diuqbank.com/questions/522"
"523","1","Computer Science & Engineering","CSE","16","Compiler Design","11","Summer 25","2","Final","5","2025-08-25T18:44:13.000000Z","https://diuqbank.com/questions/523"
"524","1","Computer Science & Engineering","CSE","20","Object oriented programming","11","Summer 25","2","Final","1","2025-08-26T12:13:44.000000Z","https://diuqbank.com/questions/524"
"525","1","Computer Science & Engineering","CSE","67","Electronic Device and Circuits","11","Summer 25","2","Final","1","2025-08-26T12:17:35.000000Z","https://diuqbank.com/questions/525"
"526","1","Computer Science & Engineering","CSE","25","Database management System","11","Summer 25","2","Final","1","2025-08-27T21:01:18.000000Z","https://diuqbank.com/questions/526"
"527","4","Software Engineering","SWE","156","Software Architecture & Design","11","Summer 25","2","Final","1","2025-08-27T21:01:54.000000Z","https://diuqbank.com/questions/527"
"528","1","Computer Science & Engineering","CSE","6","Programming and Problem Solving","11","Summer 25","2","Final","2","2025-08-27T21:29:17.000000Z","https://diuqbank.com/questions/528"
"529","12","Agricultural Science","AGS","153","Bangla Language & Literature","11","Summer 25","2","Final","1","2025-08-27T22:11:37.000000Z","https://diuqbank.com/questions/529"
"530","12","Agricultural Science","AGS","154","Basic English","11","Summer 25","2","Final","1","2025-08-27T22:12:08.000000Z","https://diuqbank.com/questions/530"
"531","12","Agricultural Science","AGS","152","Fundamentals of Horticulture","11","Summer 25","2","Final","1","2025-08-27T22:12:32.000000Z","https://diuqbank.com/questions/531"
"532","1","Computer Science & Engineering","CSE","62","Natural Language Processing","11","Summer 25","2","Final","1","2025-08-28T00:24:49.000000Z","https://diuqbank.com/questions/532"
"533","4","Software Engineering","SWE","145","Business Analysis & Communication","11","Summer 25","2","Final","1","2025-08-28T09:05:26.000000Z","https://diuqbank.com/questions/533"
"534","1","Computer Science & Engineering","CSE","9","Mathematics I","11","Summer 25","2","Final","1","2025-08-28T10:33:12.000000Z","https://diuqbank.com/questions/534"
"535","1","Computer Science & Engineering","CSE","58","Art of Living ","11","Summer 25","2","Final","2","2025-08-28T13:16:40.000000Z","https://diuqbank.com/questions/535"
"536","1","Computer Science & Engineering","CSE","87","Software Engineering","11","Summer 25","2","Final","1","2025-08-28T14:20:50.000000Z","https://diuqbank.com/questions/536"
"537","8","GEB","GEB","143","Principle of Genetics","11","Summer 25","2","Final","1","2025-08-28T14:23:31.000000Z","https://diuqbank.com/questions/537"
"538","8","GEB","GEB","148","Animal Reproduction and Embryology","11","Summer 25","2","Final","1","2025-08-28T14:24:13.000000Z","https://diuqbank.com/questions/538"
"539","8","GEB","GEB","147","Computer Fundamental and Computational Biology","11","Summer 25","2","Final","1","2025-08-28T14:24:49.000000Z","https://diuqbank.com/questions/539"
"540","8","GEB","GEB","124","Basic Plant Science","11","Summer 25","2","Final","1","2025-08-28T14:34:11.000000Z","https://diuqbank.com/questions/540"
"541","1","Computer Science & Engineering","CSE","66","Embedded Systems and IoT","11","Summer 25","2","Final","1","2025-08-28T14:43:08.000000Z","https://diuqbank.com/questions/541"
"542","4","Software Engineering","SWE","95","Structured Programming","11","Summer 25","2","Final","1","2025-08-28T16:05:42.000000Z","https://diuqbank.com/questions/542"
"543","4","Software Engineering","SWE","95","Structured Programming","9","Fall 24","2","Final","1","2025-08-28T16:20:02.000000Z","https://diuqbank.com/questions/543"
"544","1","Computer Science & Engineering","CSE","14","Discrete Mathematics","11","Summer 25","2","Final","3","2025-08-28T18:08:05.000000Z","https://diuqbank.com/questions/544"
"545","7","CIS","CIS","85","Data Structures","11","Summer 25","3","Quiz","1","2025-08-28T21:52:54.000000Z","https://diuqbank.com/questions/545"
"546","7","CIS","CIS","85","Data Structures","11","Summer 25","2","Final","1","2025-08-28T21:53:26.000000Z","https://diuqbank.com/questions/546"
"547","7","CIS","CIS","165","Computer Architecture And Organization","11","Summer 25","2","Final","1","2025-08-28T21:59:13.000000Z","https://diuqbank.com/questions/547"
"548","7","CIS","CIS","76","Mathematics I","11","Summer 25","2","Final","1","2025-08-28T22:02:15.000000Z","https://diuqbank.com/questions/548"
"549","7","CIS","CIS","166","English II","11","Summer 25","1","Mid","1","2025-08-29T18:35:53.000000Z","https://diuqbank.com/questions/549"
"550","1","Computer Science & Engineering","CSE","18","Algorithms","11","Summer 25","2","Final","1","2025-08-30T03:04:19.000000Z","https://diuqbank.com/questions/550"
"551","1","Computer Science & Engineering","CSE","34","Engineering Mathematics","11","Summer 25","2","Final","1","2025-08-30T03:05:43.000000Z","https://diuqbank.com/questions/551"
"552","1","Computer Science & Engineering","CSE","15","Numerical Methods ","11","Summer 25","2","Final","1","2025-08-30T10:03:42.000000Z","https://diuqbank.com/questions/552"
"553","1","Computer Science & Engineering","CSE","4","Electrical Circuits","11","Summer 25","2","Final","2","2025-08-30T17:09:04.000000Z","https://diuqbank.com/questions/553"
"554","7","CIS","CIS","84","Database management System","11","Summer 25","2","Final","1","2025-08-30T20:15:50.000000Z","https://diuqbank.com/questions/554"
"555","7","CIS","CIS","167","Financial Management System","11","Summer 25","2","Final","1","2025-08-30T20:16:59.000000Z","https://diuqbank.com/questions/555"
"556","7","CIS","CIS","168","Introduction To Industry 4.0","11","Summer 25","2","Final","2","2025-08-30T20:19:11.000000Z","https://diuqbank.com/questions/556"
"557","7","CIS","CIS","169","Information System Engineering","11","Summer 25","2","Final","1","2025-08-30T20:20:10.000000Z","https://diuqbank.com/questions/557"
"558","7","CIS","CIS","167","Financial Management System","11","Summer 25","1","Mid","1","2025-08-30T20:20:59.000000Z","https://diuqbank.com/questions/558"
"559","7","CIS","CIS","167","Financial Management System","11","Summer 25","3","Quiz","1","2025-08-30T20:22:09.000000Z","https://diuqbank.com/questions/559"
"560","7","CIS","CIS","84","Database management System","11","Summer 25","3","Quiz","1","2025-08-30T20:22:53.000000Z","https://diuqbank.com/questions/560"
"561","7","CIS","CIS","169","Information System Engineering","11","Summer 25","3","Quiz","1","2025-08-30T20:24:22.000000Z","https://diuqbank.com/questions/561"
"562","7","CIS","CIS","168","Introduction To Industry 4.0","11","Summer 25","3","Quiz","4","2025-08-30T20:25:14.000000Z","https://diuqbank.com/questions/562"
"563","4","Software Engineering","SWE","150","Software Engineering Web Application","11","Summer 25","2","Final","1","2025-08-31T12:00:49.000000Z","https://diuqbank.com/questions/563"
"564","7","CIS","CIS","85","Data Structures","11","Summer 25","4","Lab Final","1","2025-09-01T09:36:22.000000Z","https://diuqbank.com/questions/564"
"565","4","Software Engineering","SWE","141","Data Structures","9","Fall 24","2","Final","1","2025-09-02T15:40:11.000000Z","https://diuqbank.com/questions/565"
"566","4","Software Engineering","SWE","141","Data Structures","10","Spring 25","2","Final","1","2025-09-02T15:41:04.000000Z","https://diuqbank.com/questions/566"
"567","4","Software Engineering","SWE","141","Data Structures","1","Spring 24","2","Final","1","2025-09-02T15:41:31.000000Z","https://diuqbank.com/questions/567"
"568","4","Software Engineering","SWE","138","Digital Electronics and Logic Design","9","Fall 24","2","Final","1","2025-09-02T15:42:57.000000Z","https://diuqbank.com/questions/568"
"569","4","Software Engineering","SWE","138","Digital Electronics and Logic Design","2","Fall 23","2","Final","1","2025-09-02T15:43:59.000000Z","https://diuqbank.com/questions/569"
"570","4","Software Engineering","SWE","170","Discrete Mathematics","2","Fall 23","2","Final","1","2025-09-02T15:45:41.000000Z","https://diuqbank.com/questions/570"
"571","4","Software Engineering","SWE","170","Discrete Mathematics","9","Fall 24","2","Final","1","2025-09-02T15:46:08.000000Z","https://diuqbank.com/questions/571"
"572","4","Software Engineering","SWE","170","Discrete Mathematics","11","Summer 25","2","Final","1","2025-09-02T15:53:34.000000Z","https://diuqbank.com/questions/572"
"573","4","Software Engineering","SWE","141","Data Structures","11","Summer 25","2","Final","1","2025-09-02T15:55:01.000000Z","https://diuqbank.com/questions/573"
"574","1","Computer Science & Engineering","CSE","3","Writing and Comprehension","11","Summer 25","2","Final","1","2025-09-05T23:54:03.000000Z","https://diuqbank.com/questions/574"
"575","1","Computer Science & Engineering","CSE","33","Mathematics II","11","Summer 25","2","Final","1","2025-09-05T23:56:49.000000Z","https://diuqbank.com/questions/575"
"576","1","Computer Science & Engineering","CSE","10","Physics I","11","Summer 25","2","Final","1","2025-09-06T00:05:10.000000Z","https://diuqbank.com/questions/576"
"577","1","Computer Science & Engineering","CSE","5","Basic Functional English and English Spoken","11","Summer 25","2","Final","1","2025-09-06T22:07:41.000000Z","https://diuqbank.com/questions/577"
"578","1","Computer Science & Engineering","CSE","12","Computer Fundamentals","11","Summer 25","2","Final","1","2025-09-06T22:10:35.000000Z","https://diuqbank.com/questions/578"
"579","1","Computer Science & Engineering","CSE","11","Introduction to Biology and Chemistry for Computation","11","Summer 25","2","Final","1","2025-09-06T22:11:55.000000Z","https://diuqbank.com/questions/579"
"580","3","ITM","ITM","116","Database management System","11","Summer 25","2","Final","1","2025-09-13T22:12:02.000000Z","https://diuqbank.com/questions/580"
"581","3","ITM","ITM","123","Data structure and algorithm","11","Summer 25","2","Final","1","2025-09-13T22:13:28.000000Z","https://diuqbank.com/questions/581"
"582","3","ITM","ITM","142","Bangladesh Studies","11","Summer 25","2","Final","1","2025-09-13T22:15:27.000000Z","https://diuqbank.com/questions/582"
"583","3","ITM","ITM","41","Software and Web security","11","Summer 25","2","Final","1","2025-09-13T22:19:22.000000Z","https://diuqbank.com/questions/583"
"584","3","ITM","ITM","116","Database management System","11","Summer 25","4","Lab Final","1","2025-09-13T22:20:33.000000Z","https://diuqbank.com/questions/584"
"585","8","GEB","GEB","99","Introduction to GEB ","11","Summer 25","1","Mid","1","2025-09-22T20:56:17.000000Z","https://diuqbank.com/questions/585"
"586","8","GEB","GEB","98","Introductory Animal Science ","11","Summer 25","1","Mid","1","2025-09-22T21:00:36.000000Z","https://diuqbank.com/questions/586"
"587","8","GEB","GEB","124","Basic Plant Science","11","Summer 25","1","Mid","1","2025-09-22T21:03:08.000000Z","https://diuqbank.com/questions/587"
"588","8","GEB","GEB","97","English I","11","Summer 25","1","Mid","1","2025-09-22T21:08:17.000000Z","https://diuqbank.com/questions/588"
"589","8","GEB","GEB","98","Introductory Animal Science ","11","Summer 25","2","Final","1","2025-09-22T21:21:45.000000Z","https://diuqbank.com/questions/589"
"590","1","Computer Science & Engineering","CSE","28","Data Mining and Machine learning","11","Summer 25","2","Final","1","2025-09-29T14:08:52.000000Z","https://diuqbank.com/questions/590"
"591","1","Computer Science & Engineering","CSE","27","Artificial Intelligence","11","Summer 25","2","Final","1","2025-09-29T14:26:48.000000Z","https://diuqbank.com/questions/591"
"592","1","Computer Science & Engineering","CSE","56","Information Security","11","Summer 25","2","Final","1","2025-09-29T14:27:47.000000Z","https://diuqbank.com/questions/592"
"593","1","Computer Science & Engineering","CSE","29","Operating Systems","10","Spring 25","2","Final","1","2025-09-29T14:35:18.000000Z","https://diuqbank.com/questions/593"
"594","12","Agricultural Science","AGS","155","Principles of Agronomy","11","Summer 25","2","Final","1","2025-10-02T00:51:12.000000Z","https://diuqbank.com/questions/594"
"595","1","Computer Science & Engineering","CSE","22","System Analysis and Design","13","Fall 25","3","Quiz","7","2025-10-11T11:46:54.000000Z","https://diuqbank.com/questions/595"
"596","3","ITM","ITM","171","Business Communication","13","Fall 25","3","Quiz","1","2025-10-11T17:52:54.000000Z","https://diuqbank.com/questions/596"
"597","12","Agricultural Science","AGS","172","Biochemistry-I(General Biochemistry)","10","Spring 25","2","Final","1","2025-10-11T18:59:20.000000Z","https://diuqbank.com/questions/597"
"598","12","Agricultural Science","AGS","173","Rural Sociology","10","Spring 25","2","Final","1","2025-10-11T19:00:15.000000Z","https://diuqbank.com/questions/598"
"599","12","Agricultural Science","AGS","174","Agronomy-I(Principles of Agronomy Practical)","11","Summer 25","4","Lab Final","1","2025-10-11T19:02:07.000000Z","https://diuqbank.com/questions/599"
"600","2","Electrical & Electronic Engineering","EEE","101","Energy Conversion-I","13","Fall 25","1","Mid","1","2025-10-11T22:36:07.000000Z","https://diuqbank.com/questions/600"
"601","1","Computer Science & Engineering","CSE","27","Artificial Intelligence","13","Fall 25","3","Quiz","4","2025-10-12T13:04:02.000000Z","https://diuqbank.com/questions/601"
"602","1","Computer Science & Engineering","CSE","43","Digital Logic Design","13","Fall 25","3","Quiz","4","2025-10-12T13:13:22.000000Z","https://diuqbank.com/questions/602"
"604","1","Computer Science & Engineering","CSE","11","Introduction to Biology and Chemistry for Computation","13","Fall 25","3","Quiz","3","2025-10-12T14:09:50.000000Z","https://diuqbank.com/questions/604"
"605","1","Computer Science & Engineering","CSE","90","English I","13","Fall 25","3","Quiz","2","2025-10-13T19:13:03.000000Z","https://diuqbank.com/questions/605"
"606","12","Agricultural Science","AGS","172","Biochemistry-I(General Biochemistry)","11","Summer 25","3","Quiz","1","2025-10-14T09:40:23.000000Z","https://diuqbank.com/questions/606"
"607","1","Computer Science & Engineering","CSE","5","Basic Functional English and English Spoken","13","Fall 25","3","Quiz","1","2025-10-14T19:00:42.000000Z","https://diuqbank.com/questions/607"
"608","2","Electrical & Electronic Engineering","EEE","175","Energy Conversion-II","13","Fall 25","1","Mid","1","2025-10-15T00:56:39.000000Z","https://diuqbank.com/questions/608"
"609","1","Computer Science & Engineering","CSE","10","Physics I","13","Fall 25","3","Quiz","1","2025-10-15T07:33:38.000000Z","https://diuqbank.com/questions/609"
"610","1","Computer Science & Engineering","CSE","16","Compiler Design","13","Fall 25","3","Quiz","5","2025-10-16T07:41:43.000000Z","https://diuqbank.com/questions/610"
"611","1","Computer Science & Engineering","CSE","12","Computer Fundamentals","13","Fall 25","3","Quiz","8","2025-10-16T19:18:19.000000Z","https://diuqbank.com/questions/611"
"612","1","Computer Science & Engineering","CSE","176","Microprocessor & Microcontroller","13","Fall 25","3","Quiz","1","2025-10-17T15:14:29.000000Z","https://diuqbank.com/questions/612"
"613","2","Electrical & Electronic Engineering","EEE","105","Continuous Signal and Linear Systems","13","Fall 25","1","Mid","1","2025-10-17T22:28:02.000000Z","https://diuqbank.com/questions/613"
"614","2","Electrical & Electronic Engineering","EEE","108","Art of Living & Engineering Ethics","13","Fall 25","1","Mid","1","2025-10-17T22:28:37.000000Z","https://diuqbank.com/questions/614"
"615","1","Computer Science & Engineering","CSE","3","Writing and Comprehension","13","Fall 25","3","Quiz","1","2025-10-18T16:55:45.000000Z","https://diuqbank.com/questions/615"
"616","2","Electrical & Electronic Engineering","EEE","177","Electronics-II","13","Fall 25","1","Mid","1","2025-10-20T20:24:54.000000Z","https://diuqbank.com/questions/616"
"617","2","Electrical & Electronic Engineering","EEE","178","Transmission & Distribution of Electrical Power","13","Fall 25","1","Mid","1","2025-10-20T20:29:57.000000Z","https://diuqbank.com/questions/617"
"618","2","Electrical & Electronic Engineering","EEE","179","Probability & Statistics","13","Fall 25","1","Mid","1","2025-10-20T20:34:16.000000Z","https://diuqbank.com/questions/618"
"619","1","Computer Science & Engineering","CSE","63","Financial and Managerial Accounting","13","Fall 25","3","Quiz","4","2025-10-22T16:03:07.000000Z","https://diuqbank.com/questions/619"
"620","1","Computer Science & Engineering","CSE","9","Mathematics I","13","Fall 25","3","Quiz","1","2025-10-22T18:26:52.000000Z","https://diuqbank.com/questions/620"
"621","1","Computer Science & Engineering","CSE","30","Statistics and Probability","13","Fall 25","3","Quiz","5","2025-10-22T19:34:18.000000Z","https://diuqbank.com/questions/621"
"622","9","TE","TE","180","Yarn Manufacturing-II","13","Fall 25","1","Mid","1","2025-10-25T16:32:46.000000Z","https://diuqbank.com/questions/622"
"623","12","Agricultural Science","AGS","181","Farm Power and Machinery","11","Summer 25","3","Quiz","1","2025-10-25T20:30:55.000000Z","https://diuqbank.com/questions/623"
"624","1","Computer Science & Engineering","CSE","20","Object oriented programming","13","Fall 25","3","Quiz","3","2025-11-01T10:55:07.000000Z","https://diuqbank.com/questions/624"
"625","12","Agricultural Science","AGS","172","Biochemistry-I(General Biochemistry)","11","Summer 25","1","Mid","1","2025-11-01T13:22:34.000000Z","https://diuqbank.com/questions/625"
"626","4","Software Engineering","SWE","170","Discrete Mathematics","11","Summer 25","1","Mid","1","2025-11-01T14:18:54.000000Z","https://diuqbank.com/questions/626"
"627","4","Software Engineering","SWE","141","Data Structures","11","Summer 25","1","Mid","1","2025-11-01T14:25:38.000000Z","https://diuqbank.com/questions/627"
"628","4","Software Engineering","SWE","182","Statistics I","13","Fall 25","3","Quiz","1","2025-11-01T14:40:10.000000Z","https://diuqbank.com/questions/628"
"629","10","NFE","NFE","140","Communicative English","13","Fall 25","1","Mid","1","2025-11-01T18:29:23.000000Z","https://diuqbank.com/questions/629"
"630","12","Agricultural Science","AGS","154","Basic English","13","Fall 25","1","Mid","1","2025-11-01T18:38:42.000000Z","https://diuqbank.com/questions/630"
"631","1","Computer Science & Engineering","CSE","131","Web Engineeing","13","Fall 25","3","Quiz","1","2025-11-01T21:31:35.000000Z","https://diuqbank.com/questions/631"
"632","1","Computer Science & Engineering","CSE","62","Natural Language Processing","13","Fall 25","3","Quiz","1","2025-11-01T21:35:42.000000Z","https://diuqbank.com/questions/632"
"633","1","Computer Science & Engineering","CSE","16","Compiler Design","13","Fall 25","1","Mid","4","2025-11-01T21:46:50.000000Z","https://diuqbank.com/questions/633"
"634","4","Software Engineering","SWE","88","English I","13","Fall 25","1","Mid","1","2025-11-02T11:50:52.000000Z","https://diuqbank.com/questions/634"
"635","1","Computer Science & Engineering","CSE","17","Data communication","13","Fall 25","1","Mid","2","2025-11-02T14:07:42.000000Z","https://diuqbank.com/questions/635"
"636","1","Computer Science & Engineering","CSE","87","Software Engineering","13","Fall 25","1","Mid","1","2025-11-02T14:22:22.000000Z","https://diuqbank.com/questions/636"
"637","1","Computer Science & Engineering","CSE","2","Data Structures","13","Fall 25","1","Mid","1","2025-11-02T15:19:45.000000Z","https://diuqbank.com/questions/637"
"638","4","Software Engineering","SWE","183","Computer Architecture","13","Fall 25","1","Mid","1","2025-11-02T17:58:30.000000Z","https://diuqbank.com/questions/638"
"639","4","Software Engineering","SWE","184","Management Information System","13","Fall 25","1","Mid","1","2025-11-02T18:04:49.000000Z","https://diuqbank.com/questions/639"
"640","1","Computer Science & Engineering","CSE","6","Programming and Problem Solving","13","Fall 25","1","Mid","2","2025-11-02T18:27:17.000000Z","https://diuqbank.com/questions/640"
"641","1","Computer Science & Engineering","CSE","12","Computer Fundamentals","13","Fall 25","1","Mid","1","2025-11-03T10:36:10.000000Z","https://diuqbank.com/questions/641"
"642","1","Computer Science & Engineering","CSE","20","Object oriented programming","13","Fall 25","1","Mid","4","2025-11-03T12:57:20.000000Z","https://diuqbank.com/questions/642"
"643","12","Agricultural Science","AGS","152","Fundamentals of Horticulture","11","Summer 25","3","Quiz","1","2025-11-03T13:25:15.000000Z","https://diuqbank.com/questions/643"
"644","8","GEB","GEB","185","Animal and Human Physiology","13","Fall 25","1","Mid","1","2025-11-03T13:54:04.000000Z","https://diuqbank.com/questions/644"
"645","1","Computer Science & Engineering","CSE","120","Social and Professional Issues in Computing","13","Fall 25","1","Mid","2","2025-11-03T14:10:37.000000Z","https://diuqbank.com/questions/645"
"646","4","Software Engineering","SWE","138","Digital Electronics and Logic Design","13","Fall 25","1","Mid","2","2025-11-03T16:36:12.000000Z","https://diuqbank.com/questions/646"
"647","8","GEB","GEB","186","Art of Living","13","Fall 25","1","Mid","1","2025-11-03T17:46:00.000000Z","https://diuqbank.com/questions/647"
"648","8","GEB","GEB","148","Animal Reproduction and Embryology","13","Fall 25","1","Mid","1","2025-11-03T23:42:30.000000Z","https://diuqbank.com/questions/648"
"649","8","GEB","GEB","137","Basic Microbiology","13","Fall 25","1","Mid","1","2025-11-03T23:44:34.000000Z","https://diuqbank.com/questions/649"
"650","4","Software Engineering","SWE","95","Structured Programming","13","Fall 25","1","Mid","1","2025-11-04T07:46:45.000000Z","https://diuqbank.com/questions/650"
"651","4","Software Engineering","SWE","187","Artificial Intelligence","13","Fall 25","1","Mid","1","2025-11-04T11:57:52.000000Z","https://diuqbank.com/questions/651"
"652","4","Software Engineering","SWE","72","Computer Fundamentals","13","Fall 25","1","Mid","1","2025-11-04T16:15:25.000000Z","https://diuqbank.com/questions/652"
"653","4","Software Engineering","SWE","52","Software Quality Assurance & Testing","13","Fall 25","1","Mid","1","2025-11-04T18:36:15.000000Z","https://diuqbank.com/questions/653"
"654","4","Software Engineering","SWE","92","Software Requirement & Specifications ","13","Fall 25","1","Mid","1","2025-11-04T19:25:15.000000Z","https://diuqbank.com/questions/654"
"655","1","Computer Science & Engineering","CSE","30","Statistics and Probability","3","Spring 23","1","Mid","1","2025-11-04T20:06:30.000000Z","https://diuqbank.com/questions/655"
"656","1","Computer Science & Engineering","CSE","30","Statistics and Probability","7","Fall 22","1","Mid","1","2025-11-04T20:07:05.000000Z","https://diuqbank.com/questions/656"
"657","1","Computer Science & Engineering","CSE","30","Statistics and Probability","4","Spring 22","2","Final","1","2025-11-04T20:08:19.000000Z","https://diuqbank.com/questions/657"
"658","1","Computer Science & Engineering","CSE","30","Statistics and Probability","15","Spring 20","1","Mid","1","2025-11-04T20:09:13.000000Z","https://diuqbank.com/questions/658"
"659","1","Computer Science & Engineering","CSE","30","Statistics and Probability","13","Fall 25","1","Mid","1","2025-11-05T10:33:50.000000Z","https://diuqbank.com/questions/659"
"660","1","Computer Science & Engineering","CSE","44","Introduction to Data Science ","13","Fall 25","1","Mid","1","2025-11-05T11:41:08.000000Z","https://diuqbank.com/questions/660"
"661","12","Agricultural Science","AGS","188","Agricultural Chemistry -I","13","Fall 25","1","Mid","1","2025-11-05T13:18:21.000000Z","https://diuqbank.com/questions/661"
"662","12","Agricultural Science","AGS","181","Farm Power and Machinery","13","Fall 25","1","Mid","1","2025-11-05T13:19:14.000000Z","https://diuqbank.com/questions/662"
"663","1","Computer Science & Engineering","CSE","42","Theory of Computation","13","Fall 25","1","Mid","1","2025-11-05T13:23:00.000000Z","https://diuqbank.com/questions/663"
"664","1","Computer Science & Engineering","CSE","12","Computer Fundamentals","2","Fall 23","2","Final","1","2025-11-05T14:44:38.000000Z","https://diuqbank.com/questions/664"
"665","1","Computer Science & Engineering","CSE","90","English I","2","Fall 23","1","Mid","1","2025-11-05T14:45:13.000000Z","https://diuqbank.com/questions/665"
"666","1","Computer Science & Engineering","CSE","12","Computer Fundamentals","2","Fall 23","1","Mid","1","2025-11-05T14:45:49.000000Z","https://diuqbank.com/questions/666"
"667","1","Computer Science & Engineering","CSE","11","Introduction to Biology and Chemistry for Computation","2","Fall 23","1","Mid","1","2025-11-05T14:46:25.000000Z","https://diuqbank.com/questions/667"
"668","1","Computer Science & Engineering","CSE","33","Mathematics II","13","Fall 25","1","Mid","2","2025-11-05T15:12:51.000000Z","https://diuqbank.com/questions/668"
"669","1","Computer Science & Engineering","CSE","9","Mathematics I","13","Fall 25","1","Mid","1","2025-11-05T15:24:05.000000Z","https://diuqbank.com/questions/669"
"670","4","Software Engineering","SWE","141","Data Structures","13","Fall 25","1","Mid","1","2025-11-05T15:45:07.000000Z","https://diuqbank.com/questions/670"
"671","1","Computer Science & Engineering","CSE","67","Electronic Device and Circuits","13","Fall 25","1","Mid","3","2025-11-05T17:24:11.000000Z","https://diuqbank.com/questions/671"
"672","1","Computer Science & Engineering","CSE","146","Microprocessor and Microcontroller","2","Fall 23","1","Mid","1","2025-11-05T19:53:08.000000Z","https://diuqbank.com/questions/672"
"673","1","Computer Science & Engineering","CSE","146","Microprocessor and Microcontroller","3","Spring 23","1","Mid","1","2025-11-05T19:54:09.000000Z","https://diuqbank.com/questions/673"
"674","8","GEB","GEB","161","Microbial Genetics","13","Fall 25","1","Mid","1","2025-11-05T20:03:25.000000Z","https://diuqbank.com/questions/674"
"675","8","GEB","GEB","189","Basic Biochemistry","13","Fall 25","1","Mid","1","2025-11-05T20:59:41.000000Z","https://diuqbank.com/questions/675"
"676","5","Business Administration","BBA","190","Principles of Management","13","Fall 25","1","Mid","1","2025-11-05T21:59:13.000000Z","https://diuqbank.com/questions/676"
"677","5","Business Administration","BBA","191","Introduction to Business","11","Summer 25","1","Mid","1","2025-11-05T22:21:41.000000Z","https://diuqbank.com/questions/677"
"678","5","Business Administration","BBA","191","Introduction to Business","11","Summer 25","2","Final","1","2025-11-05T22:24:42.000000Z","https://diuqbank.com/questions/678"
"679","5","Business Administration","BBA","192","Programming for Business Analytics","11","Summer 25","1","Mid","1","2025-11-05T22:32:22.000000Z","https://diuqbank.com/questions/679"
"680","5","Business Administration","BBA","192","Programming for Business Analytics","11","Summer 25","2","Final","1","2025-11-05T22:37:22.000000Z","https://diuqbank.com/questions/680"
"681","5","Business Administration","BBA","193","Principles of Accounting","10","Spring 25","2","Final","1","2025-11-05T22:46:29.000000Z","https://diuqbank.com/questions/681"
"682","5","Business Administration","BBA","194","Business Mathematics","11","Summer 25","2","Final","1","2025-11-05T22:47:54.000000Z","https://diuqbank.com/questions/682"
"683","5","Business Administration","BBA","194","Business Mathematics","11","Summer 25","1","Mid","1","2025-11-05T22:49:02.000000Z","https://diuqbank.com/questions/683"
"684","5","Business Administration","BBA","194","Business Mathematics","13","Fall 25","1","Mid","1","2025-11-05T22:53:14.000000Z","https://diuqbank.com/questions/684"
"685","4","Software Engineering","SWE","182","Statistics I","13","Fall 25","1","Mid","1","2025-11-05T23:12:31.000000Z","https://diuqbank.com/questions/685"
"686","4","Software Engineering","SWE","50","Database Systems","11","Summer 25","1","Mid","1","2025-11-06T00:58:30.000000Z","https://diuqbank.com/questions/686"
"687","5","Business Administration","BBA","61","Microeconomics","13","Fall 25","1","Mid","1","2025-11-06T11:41:25.000000Z","https://diuqbank.com/questions/687"
"688","4","Software Engineering","SWE","117","Introduction to software engineering - SE113","13","Fall 25","1","Mid","1","2025-11-06T14:25:17.000000Z","https://diuqbank.com/questions/688"
"689","1","Computer Science & Engineering","CSE","1","Physics II","13","Fall 25","1","Mid","1","2025-11-06T16:19:59.000000Z","https://diuqbank.com/questions/689"
"690","4","Software Engineering","SWE","195","Introduction to Machine Learning","13","Fall 25","1","Mid","1","2025-11-06T16:37:23.000000Z","https://diuqbank.com/questions/690"
"691","4","Software Engineering","SWE","55","Mathematics I","13","Fall 25","1","Mid","1","2025-11-06T17:07:51.000000Z","https://diuqbank.com/questions/691"
"692","5","Business Administration","BBA","196","Principles of Finance","10","Spring 25","1","Mid","1","2025-11-06T19:05:54.000000Z","https://diuqbank.com/questions/692"
"693","1","Computer Science & Engineering","CSE","56","Information Security","13","Fall 25","1","Mid","1","2025-11-06T21:53:20.000000Z","https://diuqbank.com/questions/693"
"694","1","Computer Science & Engineering","CSE","62","Natural Language Processing","13","Fall 25","1","Mid","1","2025-11-06T22:21:52.000000Z","https://diuqbank.com/questions/694"
"695","1","Computer Science & Engineering","CSE","27","Artificial Intelligence","13","Fall 25","1","Mid","4","2025-11-06T22:23:09.000000Z","https://diuqbank.com/questions/695"
"696","7","CIS","CIS","167","Financial Management System","13","Fall 25","1","Mid","1","2025-11-07T09:50:20.000000Z","https://diuqbank.com/questions/696"
"697","4","Software Engineering","SWE","91","Physics I","11","Summer 25","2","Final","1","2025-11-08T00:21:10.000000Z","https://diuqbank.com/questions/697"
"698","4","Software Engineering","SWE","92","Software Requirement & Specifications ","11","Summer 25","2","Final","1","2025-11-08T00:27:24.000000Z","https://diuqbank.com/questions/698"
"699","10","NFE","NFE","139","Introduction to food science and technology","13","Fall 25","1","Mid","1","2025-11-08T01:48:36.000000Z","https://diuqbank.com/questions/699"
"700","10","NFE","NFE","144","Physical Inorganic and Analytical Chemistry","13","Fall 25","1","Mid","1","2025-11-08T01:49:48.000000Z","https://diuqbank.com/questions/700"
"701","1","Computer Science & Engineering","CSE","146","Microprocessor and Microcontroller","13","Fall 25","1","Mid","1","2025-11-08T10:31:37.000000Z","https://diuqbank.com/questions/701"
"702","1","Computer Science & Engineering","CSE","43","Digital Logic Design","13","Fall 25","1","Mid","2","2025-11-08T13:09:10.000000Z","https://diuqbank.com/questions/702"
"703","1","Computer Science & Engineering","CSE","43","Digital Logic Design","13","Fall 25","4","Lab Final","1","2025-11-08T13:20:58.000000Z","https://diuqbank.com/questions/703"
"704","1","Computer Science & Engineering","CSE","11","Introduction to Biology and Chemistry for Computation","13","Fall 25","1","Mid","3","2025-11-08T15:22:21.000000Z","https://diuqbank.com/questions/704"
"705","1","Computer Science & Engineering","CSE","10","Physics I","13","Fall 25","1","Mid","2","2025-11-08T15:30:34.000000Z","https://diuqbank.com/questions/705"
"706","4","Software Engineering","SWE","94","Mathematic II","13","Fall 25","1","Mid","1","2025-11-08T15:43:48.000000Z","https://diuqbank.com/questions/706"
"707","1","Computer Science & Engineering","CSE","64","Bangladesh Studies","13","Fall 25","1","Mid","3","2025-11-08T15:45:50.000000Z","https://diuqbank.com/questions/707"
"709","4","Software Engineering","SWE","50","Database Systems","13","Fall 25","1","Mid","1","2025-11-08T18:48:39.000000Z","https://diuqbank.com/questions/709"
"710","12","Agricultural Science","AGS","197","Fundamentals of Agricultural Economics","11","Summer 25","1","Mid","1","2025-11-08T20:04:39.000000Z","https://diuqbank.com/questions/710"
"711","8","GEB","GEB","147","Computer Fundamental and Computational Biology","13","Fall 25","1","Mid","1","2025-11-08T20:34:08.000000Z","https://diuqbank.com/questions/711"
"712","12","Agricultural Science","AGS","173","Rural Sociology","13","Fall 25","1","Mid","1","2025-11-09T00:51:46.000000Z","https://diuqbank.com/questions/712"
"713","1","Computer Science & Engineering","CSE","4","Electrical Circuits","13","Fall 25","1","Mid","3","2025-11-09T10:35:48.000000Z","https://diuqbank.com/questions/713"
"714","4","Software Engineering","SWE","91","Physics I","13","Fall 25","1","Mid","1","2025-11-09T11:26:48.000000Z","https://diuqbank.com/questions/714"
"715","1","Computer Science & Engineering","CSE","131","Web Engineeing","13","Fall 25","1","Mid","1","2025-11-09T13:28:06.000000Z","https://diuqbank.com/questions/715"
"716","4","Software Engineering","SWE","198","Information System Security","13","Fall 25","1","Mid","1","2025-11-09T18:28:51.000000Z","https://diuqbank.com/questions/716"
"717","1","Computer Science & Engineering","CSE","63","Financial and Managerial Accounting","1","Spring 24","1","Mid","1","2025-11-09T21:41:44.000000Z","https://diuqbank.com/questions/717"
"718","4","Software Engineering","SWE","79","Bangladesh Studies","13","Fall 25","1","Mid","1","2025-11-09T22:42:08.000000Z","https://diuqbank.com/questions/718"
"719","1","Computer Science & Engineering","CSE","90","English I","11","Summer 25","1","Mid","1","2025-11-10T01:46:09.000000Z","https://diuqbank.com/questions/719"
"720","1","Computer Science & Engineering","CSE","63","Financial and Managerial Accounting","13","Fall 25","1","Mid","1","2025-11-10T10:33:07.000000Z","https://diuqbank.com/questions/720"
"721","1","Computer Science & Engineering","CSE","22","System Analysis and Design","13","Fall 25","1","Mid","1","2025-11-10T13:16:08.000000Z","https://diuqbank.com/questions/721"
"722","8","GEB","GEB","143","Principle of Genetics","13","Fall 25","1","Mid","1","2025-11-10T14:03:13.000000Z","https://diuqbank.com/questions/722"
"723","1","Computer Science & Engineering","CSE","115","Computer Graphics","13","Fall 25","1","Mid","1","2025-11-10T14:17:17.000000Z","https://diuqbank.com/questions/723"
"724","1","Computer Science & Engineering","CSE","5","Basic Functional English and English Spoken","13","Fall 25","1","Mid","1","2025-11-10T15:50:08.000000Z","https://diuqbank.com/questions/724"
"725","1","Computer Science & Engineering","CSE","3","Writing and Comprehension","13","Fall 25","1","Mid","1","2025-11-10T17:32:07.000000Z","https://diuqbank.com/questions/725"
"726","1","Computer Science & Engineering","CSE","96","Mobile Application Design","13","Fall 25","1","Mid","1","2025-11-10T20:06:54.000000Z","https://diuqbank.com/questions/726"
"727","1","Computer Science & Engineering","CSE","58","Art of Living ","13","Fall 25","1","Mid","3","2025-11-11T01:13:11.000000Z","https://diuqbank.com/questions/727"
"728","4","Software Engineering","SWE","145","Business Analysis & Communication","13","Fall 25","1","Mid","1","2025-11-11T20:35:26.000000Z","https://diuqbank.com/questions/728"
"729","4","Software Engineering","SWE","199","Desktop and Web Programming","13","Fall 25","1","Mid","1","2025-11-11T20:43:03.000000Z","https://diuqbank.com/questions/729"
"730","4","Software Engineering","SWE","48","Principles of Accounting, Business & Economics","13","Fall 25","1","Mid","1","2025-11-11T20:50:03.000000Z","https://diuqbank.com/questions/730"
"731","4","Software Engineering","SWE","51","Operating System & System Programming","13","Fall 25","1","Mid","1","2025-11-11T20:53:55.000000Z","https://diuqbank.com/questions/731"
"732","4","Software Engineering","SWE","54","Art of Living ","13","Fall 25","1","Mid","1","2025-11-12T16:27:36.000000Z","https://diuqbank.com/questions/732"
"733","12","Agricultural Science","AGS","153","Bangla Language & Literature","13","Fall 25","1","Mid","1","2025-11-14T19:35:30.000000Z","https://diuqbank.com/questions/733"
"734","12","Agricultural Science","AGS","152","Fundamentals of Horticulture","13","Fall 25","1","Mid","1","2025-11-14T19:36:09.000000Z","https://diuqbank.com/questions/734"
"735","1","Computer Science & Engineering","CSE","34","Engineering Mathematics","13","Fall 25","1","Mid","1","2025-11-15T19:28:12.000000Z","https://diuqbank.com/questions/735"
"736","1","Computer Science & Engineering","CSE","32","Computer Architecture & Organization","13","Fall 25","1","Mid","1","2025-11-17T01:47:00.000000Z","https://diuqbank.com/questions/736"
"737","12","Agricultural Science","AGS","197","Fundamentals of Agricultural Economics","13","Fall 25","1","Mid","1","2025-11-19T22:40:34.000000Z","https://diuqbank.com/questions/737"
"738","1","Computer Science & Engineering","CSE","146","Microprocessor and Microcontroller","13","Fall 25","3","Quiz","1","2025-11-26T15:43:47.000000Z","https://diuqbank.com/questions/738"
"739","8","GEB","GEB","200","Enzymology","13","Fall 25","1","Mid","1","2025-11-28T01:38:42.000000Z","https://diuqbank.com/questions/739"
"740","1","Computer Science & Engineering","CSE","58","Art of Living ","11","Summer 25","3","Quiz","1","2025-11-28T19:15:34.000000Z","https://diuqbank.com/questions/740"
"741","12","Agricultural Science","AGS","173","Rural Sociology","13","Fall 25","3","Quiz","2","2025-12-03T13:10:16.000000Z","https://diuqbank.com/questions/741"
"742","12","Agricultural Science","AGS","181","Farm Power and Machinery","13","Fall 25","3","Quiz","1","2025-12-03T13:12:22.000000Z","https://diuqbank.com/questions/742"
"743","12","Agricultural Science","AGS","172","Biochemistry-I(General Biochemistry)","13","Fall 25","3","Quiz","1","2025-12-03T13:13:12.000000Z","https://diuqbank.com/questions/743"
"744","4","Software Engineering","SWE","141","Data Structures","13","Fall 25","3","Quiz","2","2025-12-05T00:59:39.000000Z","https://diuqbank.com/questions/744"
"745","10","NFE","NFE","162","Basic human nutrition","13","Fall 25","1","Mid","2","2025-12-05T12:20:18.000000Z","https://diuqbank.com/questions/745"
"746","2","Electrical & Electronic Engineering","EEE","74","Physics I","10","Spring 25","2","Final","1","2025-12-05T14:06:56.000000Z","https://diuqbank.com/questions/746"
"747","2","Electrical & Electronic Engineering","EEE","75","Chemistry ","10","Spring 25","2","Final","1","2025-12-05T14:22:37.000000Z","https://diuqbank.com/questions/747"
"748","2","Electrical & Electronic Engineering","EEE","104","Coordinate Geometry and Vector Analysis","10","Spring 25","2","Final","1","2025-12-05T14:24:51.000000Z","https://diuqbank.com/questions/748"
"749","2","Electrical & Electronic Engineering","EEE","78","Differential and Integral Calculus","10","Spring 25","2","Final","1","2025-12-05T14:27:41.000000Z","https://diuqbank.com/questions/749"
"750","4","Software Engineering","SWE","201","English-1","13","Fall 25","1","Mid","1","2025-12-08T15:07:09.000000Z","https://diuqbank.com/questions/750"
"751","4","Software Engineering","SWE","202","Computer Fundamentals","13","Fall 25","1","Mid","1","2025-12-08T15:21:23.000000Z","https://diuqbank.com/questions/751"
"752","4","Software Engineering","SWE","203","Introduction to Software Engineering","13","Fall 25","1","Mid","1","2025-12-08T15:28:37.000000Z","https://diuqbank.com/questions/752"
"753","4","Software Engineering","SWE","204","Bangladesh Studies","13","Fall 25","1","Mid","1","2025-12-08T15:30:26.000000Z","https://diuqbank.com/questions/753"
"754","12","Agricultural Science","AGS","155","Principles of Agronomy","13","Fall 25","4","Lab Final","1","2025-12-10T12:07:43.000000Z","https://diuqbank.com/questions/754"
"755","1","Computer Science & Engineering","CSE","42","Theory of Computation","13","Fall 25","3","Quiz","3","2025-12-11T14:45:01.000000Z","https://diuqbank.com/questions/755"
"756","1","Computer Science & Engineering","CSE","87","Software Engineering","13","Fall 25","3","Quiz","2","2025-12-14T19:57:58.000000Z","https://diuqbank.com/questions/756"
"757","1","Computer Science & Engineering","CSE","44","Introduction to Data Science ","13","Fall 25","3","Quiz","2","2025-12-14T20:14:53.000000Z","https://diuqbank.com/questions/757"
"758","1","Computer Science & Engineering","CSE","146","Microprocessor and Microcontroller","11","Summer 25","2","Final","1","2025-12-15T11:31:55.000000Z","https://diuqbank.com/questions/758"
"759","12","Agricultural Science","AGS","155","Principles of Agronomy","13","Fall 25","1","Mid","1","2025-12-16T10:38:02.000000Z","https://diuqbank.com/questions/759"
"760","12","Agricultural Science","AGS","152","Fundamentals of Horticulture","13","Fall 25","4","Lab Final","1","2025-12-16T10:42:10.000000Z","https://diuqbank.com/questions/760"
"761","4","Software Engineering","SWE","88","English I","13","Fall 25","2","Final","1","2025-12-17T05:43:53.000000Z","https://diuqbank.com/questions/761"
"762","4","Software Engineering","SWE","201","English-1","13","Fall 25","2","Final","1","2025-12-17T05:44:15.000000Z","https://diuqbank.com/questions/762"
"763","4","Software Engineering","SWE","205","English-1","13","Fall 25","2","Final","1","2025-12-17T05:44:37.000000Z","https://diuqbank.com/questions/763"
"764","1","Computer Science & Engineering","CSE","87","Software Engineering","13","Fall 25","2","Final","1","2025-12-17T09:10:01.000000Z","https://diuqbank.com/questions/764"
"765","2","Electrical & Electronic Engineering","EEE","8","Electrical Circuits II","13","Fall 25","2","Final","1","2025-12-17T10:06:07.000000Z","https://diuqbank.com/questions/765"
"766","2","Electrical & Electronic Engineering","EEE","106","Ordinary and Partial Differential Equation","13","Fall 25","2","Final","1","2025-12-17T10:09:01.000000Z","https://diuqbank.com/questions/766"
"767","1","Computer Science & Engineering","CSE","2","Data Structures","13","Fall 25","2","Final","1","2025-12-17T10:54:22.000000Z","https://diuqbank.com/questions/767"
"768","1","Computer Science & Engineering","CSE","6","Programming and Problem Solving","13","Fall 25","2","Final","1","2025-12-17T11:06:09.000000Z","https://diuqbank.com/questions/768"
"769","4","Software Engineering","SWE","184","Management Information System","13","Fall 25","3","Quiz","1","2025-12-17T12:50:51.000000Z","https://diuqbank.com/questions/769"
"770","8","GEB","GEB","148","Animal Reproduction and Embryology","13","Fall 25","2","Final","1","2025-12-17T13:04:08.000000Z","https://diuqbank.com/questions/770"
"771","4","Software Engineering","SWE","187","Artificial Intelligence","13","Fall 25","2","Final","1","2025-12-17T13:05:15.000000Z","https://diuqbank.com/questions/771"
"772","4","Software Engineering","SWE","54","Art of Living ","11","Summer 25","1","Mid","1","2025-12-17T16:46:55.000000Z","https://diuqbank.com/questions/772"
"773","4","Software Engineering","SWE","183","Computer Architecture","1","Spring 24","1","Mid","1","2025-12-17T16:51:10.000000Z","https://diuqbank.com/questions/773"
"774","4","Software Engineering","SWE","183","Computer Architecture","10","Spring 25","1","Mid","1","2025-12-17T16:51:54.000000Z","https://diuqbank.com/questions/774"
"775","4","Software Engineering","SWE","183","Computer Architecture","9","Fall 24","1","Mid","1","2025-12-17T16:52:39.000000Z","https://diuqbank.com/questions/775"
"776","4","Software Engineering","SWE","183","Computer Architecture","2","Fall 23","1","Mid","1","2025-12-17T16:53:15.000000Z","https://diuqbank.com/questions/776"
"777","4","Software Engineering","SWE","183","Computer Architecture","13","Fall 25","3","Quiz","4","2025-12-17T16:55:55.000000Z","https://diuqbank.com/questions/777"
"778","4","Software Engineering","SWE","183","Computer Architecture","9","Fall 24","2","Final","1","2025-12-17T17:04:35.000000Z","https://diuqbank.com/questions/778"
"779","4","Software Engineering","SWE","183","Computer Architecture","10","Spring 25","2","Final","1","2025-12-17T17:05:20.000000Z","https://diuqbank.com/questions/779"
"780","4","Software Engineering","SWE","183","Computer Architecture","1","Spring 24","2","Final","1","2025-12-17T17:06:14.000000Z","https://diuqbank.com/questions/780"
"781","4","Software Engineering","SWE","183","Computer Architecture","13","Fall 25","2","Final","2","2025-12-17T17:08:58.000000Z","https://diuqbank.com/questions/781"
"782","4","Software Engineering","SWE","50","Database Systems","1","Spring 24","1","Mid","1","2025-12-17T17:11:39.000000Z","https://diuqbank.com/questions/782"
"783","4","Software Engineering","SWE","50","Database Systems","13","Fall 25","3","Quiz","3","2025-12-17T17:12:43.000000Z","https://diuqbank.com/questions/783"
"784","4","Software Engineering","SWE","182","Statistics I","2","Fall 23","1","Mid","1","2025-12-17T17:18:10.000000Z","https://diuqbank.com/questions/784"
"785","4","Software Engineering","SWE","182","Statistics I","1","Spring 24","1","Mid","1","2025-12-17T17:18:38.000000Z","https://diuqbank.com/questions/785"
"786","4","Software Engineering","SWE","182","Statistics I","9","Fall 24","1","Mid","1","2025-12-17T17:19:08.000000Z","https://diuqbank.com/questions/786"
"787","4","Software Engineering","SWE","182","Statistics I","11","Summer 25","1","Mid","1","2025-12-17T17:20:02.000000Z","https://diuqbank.com/questions/787"
"788","4","Software Engineering","SWE","138","Digital Electronics and Logic Design","11","Summer 25","2","Final","1","2025-12-17T19:41:24.000000Z","https://diuqbank.com/questions/788"
"789","8","GEB","GEB","185","Animal and Human Physiology","13","Fall 25","2","Final","1","2025-12-17T21:02:05.000000Z","https://diuqbank.com/questions/789"
"790","12","Agricultural Science","AGS","154","Basic English","13","Fall 25","2","Final","1","2025-12-18T03:45:04.000000Z","https://diuqbank.com/questions/790"
"791","1","Computer Science & Engineering","CSE","12","Computer Fundamentals","13","Fall 25","2","Final","1","2025-12-18T04:42:10.000000Z","https://diuqbank.com/questions/791"
"792","1","Computer Science & Engineering","CSE","17","Data communication","13","Fall 25","2","Final","2","2025-12-18T07:20:09.000000Z","https://diuqbank.com/questions/792"
"793","1","Computer Science & Engineering","CSE","16","Compiler Design","13","Fall 25","2","Final","2","2025-12-18T08:00:02.000000Z","https://diuqbank.com/questions/793"
"794","4","Software Engineering","SWE","138","Digital Electronics and Logic Design","13","Fall 25","2","Final","1","2025-12-18T08:22:37.000000Z","https://diuqbank.com/questions/794"
"795","1","Computer Science & Engineering","CSE","120","Social and Professional Issues in Computing","13","Fall 25","2","Final","2","2025-12-18T14:50:47.000000Z","https://diuqbank.com/questions/795"
"796","1","Computer Science & Engineering","CSE","32","Computer Architecture & Organization","13","Fall 25","2","Final","1","2025-12-18T14:56:06.000000Z","https://diuqbank.com/questions/796"
"797","1","Computer Science & Engineering","CSE","30","Statistics and Probability","11","Summer 25","2","Final","1","2025-12-18T15:04:36.000000Z","https://diuqbank.com/questions/797"
"798","1","Computer Science & Engineering","CSE","20","Object oriented programming","13","Fall 25","2","Final","4","2025-12-18T17:23:36.000000Z","https://diuqbank.com/questions/798"
"799","4","Software Engineering","SWE","50","Database Systems","13","Fall 25","4","Lab Final","1","2025-12-18T18:07:52.000000Z","https://diuqbank.com/questions/799"
"800","4","Software Engineering","SWE","92","Software Requirement & Specifications ","13","Fall 25","2","Final","2","2025-12-18T20:00:19.000000Z","https://diuqbank.com/questions/800"
"801","5","Business Administration","BBA","61","Microeconomics","13","Fall 25","2","Final","1","2025-12-18T20:47:01.000000Z","https://diuqbank.com/questions/801"
"802","5","Business Administration","BBA","206","Principle Of Marketing","13","Fall 25","1","Mid","1","2025-12-18T20:49:30.000000Z","https://diuqbank.com/questions/802"
"803","8","GEB","GEB","147","Computer Fundamental and Computational Biology","13","Fall 25","2","Final","1","2025-12-19T05:40:41.000000Z","https://diuqbank.com/questions/803"
"804","4","Software Engineering","SWE","119","Design Pattern ","13","Fall 25","2","Final","1","2025-12-19T09:17:59.000000Z","https://diuqbank.com/questions/804"
"805","4","Software Engineering","SWE","55","Mathematics I","11","Summer 25","2","Final","1","2025-12-19T20:07:49.000000Z","https://diuqbank.com/questions/805"
"806","1","Computer Science & Engineering","CSE","207","Computer Fundamental","13","Fall 25","2","Final","1","2025-12-20T16:26:36.000000Z","https://diuqbank.com/questions/806"
"807","1","Computer Science & Engineering","CSE","62","Natural Language Processing","13","Fall 25","2","Final","2","2025-12-21T09:34:42.000000Z","https://diuqbank.com/questions/807"
"808","1","Computer Science & Engineering","CSE","56","Information Security","13","Fall 25","2","Final","1","2025-12-21T09:38:09.000000Z","https://diuqbank.com/questions/808"
"809","1","Computer Science & Engineering","CSE","27","Artificial Intelligence","13","Fall 25","2","Final","5","2025-12-21T10:09:43.000000Z","https://diuqbank.com/questions/809"
"810","4","Software Engineering","SWE","141","Data Structures","13","Fall 25","2","Final","2","2025-12-21T11:09:03.000000Z","https://diuqbank.com/questions/810"
"811","7","CIS","CIS","82","Computer Networks","13","Fall 25","2","Final","1","2025-12-21T14:29:16.000000Z","https://diuqbank.com/questions/811"
"812","7","CIS","CIS","84","Database management System","13","Fall 25","2","Final","1","2025-12-21T14:30:30.000000Z","https://diuqbank.com/questions/812"
"813","7","CIS","CIS","81","Web Development Essentials","13","Fall 25","2","Final","2","2025-12-21T14:31:04.000000Z","https://diuqbank.com/questions/813"
"814","1","Computer Science & Engineering","CSE","1","Physics II","13","Fall 25","2","Final","1","2025-12-21T15:41:06.000000Z","https://diuqbank.com/questions/814"
"815","1","Computer Science & Engineering","CSE","11","Introduction to Biology and Chemistry for Computation","13","Fall 25","2","Final","1","2025-12-22T05:01:21.000000Z","https://diuqbank.com/questions/815"
"816","1","Computer Science & Engineering","CSE","10","Physics I","13","Fall 25","2","Final","1","2025-12-22T05:14:55.000000Z","https://diuqbank.com/questions/816"
"817","2","Electrical & Electronic Engineering","EEE","7","Linear Algebra and Complex variable","13","Fall 25","2","Final","1","2025-12-22T05:34:50.000000Z","https://diuqbank.com/questions/817"
"818","8","GEB","GEB","143","Principle of Genetics","13","Fall 25","2","Final","1","2025-12-22T06:15:43.000000Z","https://diuqbank.com/questions/818"
"819","4","Software Engineering","SWE","55","Mathematics I","13","Fall 25","2","Final","2","2025-12-22T07:50:02.000000Z","https://diuqbank.com/questions/819"
"820","1","Computer Science & Engineering","CSE","43","Digital Logic Design","13","Fall 25","2","Final","1","2025-12-22T08:07:13.000000Z","https://diuqbank.com/questions/820"
"821","1","Computer Science & Engineering","CSE","64","Bangladesh Studies","13","Fall 25","2","Final","4","2025-12-22T08:07:29.000000Z","https://diuqbank.com/questions/821"
"822","1","Computer Science & Engineering","CSE","146","Microprocessor and Microcontroller","13","Fall 25","2","Final","1","2025-12-22T11:00:03.000000Z","https://diuqbank.com/questions/822"
"823","2","Electrical & Electronic Engineering","EEE","179","Probability & Statistics","13","Fall 25","2","Final","1","2025-12-22T11:26:17.000000Z","https://diuqbank.com/questions/823"
"824","2","Electrical & Electronic Engineering","EEE","178","Transmission & Distribution of Electrical Power","13","Fall 25","2","Final","1","2025-12-22T11:29:30.000000Z","https://diuqbank.com/questions/824"
"825","2","Electrical & Electronic Engineering","EEE","175","Energy Conversion-II","13","Fall 25","2","Final","1","2025-12-22T11:32:19.000000Z","https://diuqbank.com/questions/825"
"826","2","Electrical & Electronic Engineering","EEE","177","Electronics-II","10","Spring 25","2","Final","1","2025-12-22T11:36:17.000000Z","https://diuqbank.com/questions/826"
"827","2","Electrical & Electronic Engineering","EEE","179","Probability & Statistics","10","Spring 25","2","Final","1","2025-12-22T11:38:34.000000Z","https://diuqbank.com/questions/827"
"828","2","Electrical & Electronic Engineering","EEE","175","Energy Conversion-II","10","Spring 25","2","Final","1","2025-12-22T11:40:45.000000Z","https://diuqbank.com/questions/828"
"829","2","Electrical & Electronic Engineering","EEE","178","Transmission & Distribution of Electrical Power","10","Spring 25","2","Final","1","2025-12-22T11:42:56.000000Z","https://diuqbank.com/questions/829"
"830","2","Electrical & Electronic Engineering","EEE","208","Communication Engineering","10","Spring 25","2","Final","1","2025-12-22T11:44:54.000000Z","https://diuqbank.com/questions/830"
"831","2","Electrical & Electronic Engineering","EEE","208","Communication Engineering","13","Fall 25","1","Mid","1","2025-12-22T11:50:54.000000Z","https://diuqbank.com/questions/831"
"832","4","Software Engineering","SWE","53","Data Communication and Computer Networking","13","Fall 25","2","Final","1","2025-12-22T13:04:02.000000Z","https://diuqbank.com/questions/832"
"833","4","Software Engineering","SWE","195","Introduction to Machine Learning","13","Fall 25","2","Final","1","2025-12-22T13:55:14.000000Z","https://diuqbank.com/questions/833"
"834","4","Software Engineering","SWE","119","Design Pattern ","13","Fall 25","1","Mid","1","2025-12-22T14:08:49.000000Z","https://diuqbank.com/questions/834"
"835","4","Software Engineering","SWE","117","Introduction to software engineering - SE113","13","Fall 25","2","Final","1","2025-12-22T14:16:45.000000Z","https://diuqbank.com/questions/835"
"836","4","Software Engineering","SWE","51","Operating System & System Programming","13","Fall 25","2","Final","1","2025-12-22T14:52:35.000000Z","https://diuqbank.com/questions/836"
"837","4","Software Engineering","SWE","149","Operating System and System Program","13","Fall 25","2","Final","1","2025-12-22T14:53:49.000000Z","https://diuqbank.com/questions/837"
"838","4","Software Engineering","SWE","199","Desktop and Web Programming","13","Fall 25","2","Final","1","2025-12-22T14:54:18.000000Z","https://diuqbank.com/questions/838"
"839","4","Software Engineering","SWE","150","Software Engineering Web Application","13","Fall 25","2","Final","1","2025-12-22T14:55:10.000000Z","https://diuqbank.com/questions/839"
"840","4","Software Engineering","SWE","94","Mathematic II","10","Spring 25","2","Final","1","2025-12-22T15:04:51.000000Z","https://diuqbank.com/questions/840"
"841","3","ITM","ITM","209","Software Requirements Analysis","13","Fall 25","2","Final","1","2025-12-22T15:54:23.000000Z","https://diuqbank.com/questions/841"
"842","12","Agricultural Science","AGS","153","Bangla Language & Literature","13","Fall 25","2","Final","1","2025-12-23T05:31:20.000000Z","https://diuqbank.com/questions/842"
"843","8","GEB","GEB","189","Basic Biochemistry","13","Fall 25","2","Final","1","2025-12-23T05:48:28.000000Z","https://diuqbank.com/questions/843"
"844","1","Computer Science & Engineering","CSE","131","Web Engineeing","13","Fall 25","2","Final","2","2025-12-23T08:04:45.000000Z","https://diuqbank.com/questions/844"
"845","1","Computer Science & Engineering","CSE","29","Operating Systems","13","Fall 25","1","Mid","1","2025-12-23T09:01:58.000000Z","https://diuqbank.com/questions/845"
"847","1","Computer Science & Engineering","CSE","34","Engineering Mathematics","13","Fall 25","2","Final","1","2025-12-23T10:48:45.000000Z","https://diuqbank.com/questions/847"
"848","1","Computer Science & Engineering","CSE","4","Electrical Circuits","13","Fall 25","2","Final","1","2025-12-23T11:04:42.000000Z","https://diuqbank.com/questions/848"
"849","4","Software Engineering","SWE","94","Mathematic II","13","Fall 25","2","Final","1","2025-12-23T11:09:33.000000Z","https://diuqbank.com/questions/849"
"850","1","Computer Science & Engineering","CSE","96","Mobile Application Design","13","Fall 25","2","Final","1","2025-12-23T12:10:10.000000Z","https://diuqbank.com/questions/850"
"851","4","Software Engineering","SWE","50","Database Systems","13","Fall 25","2","Final","1","2025-12-23T12:26:13.000000Z","https://diuqbank.com/questions/851"
"852","1","Computer Science & Engineering","CSE","63","Financial and Managerial Accounting","7","Fall 22","2","Final","1","2025-12-23T18:37:17.000000Z","https://diuqbank.com/questions/852"
"853","1","Computer Science & Engineering","CSE","63","Financial and Managerial Accounting","17","Summer 18","2","Final","1","2025-12-23T18:53:28.000000Z","https://diuqbank.com/questions/853"
"854","1","Computer Science & Engineering","CSE","63","Financial and Managerial Accounting","18","Summer 19","2","Final","1","2025-12-23T18:54:24.000000Z","https://diuqbank.com/questions/854"
"855","12","Agricultural Science","AGS","172","Biochemistry-I(General Biochemistry)","13","Fall 25","2","Final","1","2025-12-23T19:29:01.000000Z","https://diuqbank.com/questions/855"
"856","1","Computer Science & Engineering","CSE","5","Basic Functional English and English Spoken","13","Fall 25","2","Final","1","2025-12-24T04:32:09.000000Z","https://diuqbank.com/questions/856"
"857","1","Computer Science & Engineering","CSE","3","Writing and Comprehension","13","Fall 25","2","Final","1","2025-12-24T04:45:01.000000Z","https://diuqbank.com/questions/857"
"858","4","Software Engineering","SWE","54","Art of Living ","13","Fall 25","2","Final","1","2025-12-24T05:49:20.000000Z","https://diuqbank.com/questions/858"
"859","1","Computer Science & Engineering","CSE","58","Art of Living ","13","Fall 25","2","Final","4","2025-12-24T07:53:08.000000Z","https://diuqbank.com/questions/859"
"860","1","Computer Science & Engineering","CSE","22","System Analysis and Design","13","Fall 25","2","Final","2","2025-12-24T08:20:29.000000Z","https://diuqbank.com/questions/860"
"861","4","Software Engineering","SWE","79","Bangladesh Studies","13","Fall 25","2","Final","1","2025-12-24T08:58:21.000000Z","https://diuqbank.com/questions/861"
"862","4","Software Engineering","SWE","204","Bangladesh Studies","13","Fall 25","2","Final","1","2025-12-24T08:59:15.000000Z","https://diuqbank.com/questions/862"
"863","12","Agricultural Science","AGS","152","Fundamentals of Horticulture","13","Fall 25","2","Final","1","2025-12-24T09:49:51.000000Z","https://diuqbank.com/questions/863"
"864","1","Computer Science & Engineering","CSE","63","Financial and Managerial Accounting","13","Fall 25","2","Final","1","2025-12-24T11:00:20.000000Z","https://diuqbank.com/questions/864"
"865","1","Computer Science & Engineering","CSE","29","Operating Systems","13","Fall 25","2","Final","1","2025-12-24T11:17:47.000000Z","https://diuqbank.com/questions/865"
"866","8","GEB","GEB","186","Art of Living","13","Fall 25","2","Final","1","2025-12-24T11:34:55.000000Z","https://diuqbank.com/questions/866"
"867","1","Computer Science & Engineering","CSE","115","Computer Graphics","13","Fall 25","2","Final","1","2025-12-24T11:38:45.000000Z","https://diuqbank.com/questions/867"
"868","1","Computer Science & Engineering","CSE","211","Financial and Managerial Accounting_Theory","13","Fall 25","2","Final","1","2025-12-24T11:46:05.000000Z","https://diuqbank.com/questions/868"
"869","4","Software Engineering","SWE","198","Information System Security","13","Fall 25","2","Final","1","2025-12-24T12:20:30.000000Z","https://diuqbank.com/questions/869"
"870","3","ITM","ITM","212","Computer Fundamentals","13","Fall 25","2","Final","1","2025-12-24T13:36:23.000000Z","https://diuqbank.com/questions/870"
"871","7","CIS","CIS","213","Information System Analysis And Planning","13","Fall 25","2","Final","1","2025-12-24T16:20:58.000000Z","https://diuqbank.com/questions/871"
"872","1","Computer Science & Engineering","CSE","30","Statistics and Probability","19","Summer 17","2","Final","1","2025-12-25T10:10:40.000000Z","https://diuqbank.com/questions/872"
"873","1","Computer Science & Engineering","CSE","30","Statistics and Probability","20","Spring 18","2","Final","1","2025-12-25T10:11:49.000000Z","https://diuqbank.com/questions/873"
"874","1","Computer Science & Engineering","CSE","30","Statistics and Probability","17","Summer 18","2","Final","1","2025-12-25T10:12:28.000000Z","https://diuqbank.com/questions/874"
"875","1","Computer Science & Engineering","CSE","30","Statistics and Probability","21","Fall 18","2","Final","1","2025-12-25T10:13:04.000000Z","https://diuqbank.com/questions/875"
"876","1","Computer Science & Engineering","CSE","30","Statistics and Probability","18","Summer 19","2","Final","1","2025-12-25T10:13:57.000000Z","https://diuqbank.com/questions/876"
"877","7","CIS","CIS","214","Artificial Intelligence","13","Fall 25","2","Final","1","2025-12-25T10:27:41.000000Z","https://diuqbank.com/questions/877"
"878","12","Agricultural Science","AGS","197","Fundamentals of Agricultural Economics","13","Fall 25","2","Final","1","2025-12-25T18:49:18.000000Z","https://diuqbank.com/questions/878"
"879","12","Agricultural Science","AGS","173","Rural Sociology","13","Fall 25","2","Final","1","2025-12-25T18:50:25.000000Z","https://diuqbank.com/questions/879"
"880","1","Computer Science & Engineering","CSE","9","Mathematics I","13","Fall 25","2","Final","1","2025-12-26T04:32:23.000000Z","https://diuqbank.com/questions/880"
"881","1","Computer Science & Engineering","CSE","33","Mathematics II","13","Fall 25","2","Final","1","2025-12-26T04:34:39.000000Z","https://diuqbank.com/questions/881"
"882","3","ITM","ITM","215","Principles of Management","13","Fall 25","2","Final","1","2025-12-26T05:19:26.000000Z","https://diuqbank.com/questions/882"
"883","1","Computer Science & Engineering","CSE","42","Theory of Computation","13","Fall 25","2","Final","1","2025-12-26T07:09:43.000000Z","https://diuqbank.com/questions/883"
"884","2","Electrical & Electronic Engineering","EEE","107","Basic Mechanical Engineering ","13","Fall 25","2","Final","1","2025-12-26T07:15:08.000000Z","https://diuqbank.com/questions/884"
"885","12","Agricultural Science","AGS","181","Farm Power and Machinery","13","Fall 25","2","Final","1","2025-12-26T07:35:45.000000Z","https://diuqbank.com/questions/885"
"886","1","Computer Science & Engineering","CSE","30","Statistics and Probability","13","Fall 25","2","Final","1","2025-12-26T10:31:25.000000Z","https://diuqbank.com/questions/886"
"887","1","Computer Science & Engineering","CSE","44","Introduction to Data Science ","13","Fall 25","2","Final","2","2025-12-26T10:54:09.000000Z","https://diuqbank.com/questions/887"
"888","12","Agricultural Science","AGS","155","Principles of Agronomy","13","Fall 25","2","Final","1","2025-12-26T15:14:49.000000Z","https://diuqbank.com/questions/888"
"889","8","GEB","GEB","161","Microbial Genetics","13","Fall 25","2","Final","1","2025-12-26T16:45:53.000000Z","https://diuqbank.com/questions/889"
"890","1","Computer Science & Engineering","CSE","67","Electronic Device and Circuits","13","Fall 25","2","Final","4","2025-12-27T07:50:11.000000Z","https://diuqbank.com/questions/890"
"891","4","Software Engineering","SWE","145","Business Analysis & Communication","13","Fall 25","2","Final","1","2025-12-27T07:51:41.000000Z","https://diuqbank.com/questions/891"
"892","8","GEB","GEB","137","Basic Microbiology","13","Fall 25","2","Final","1","2025-12-27T13:32:47.000000Z","https://diuqbank.com/questions/892"
"893","4","Software Engineering","SWE","95","Structured Programming","13","Fall 25","2","Final","1","2025-12-27T16:29:44.000000Z","https://diuqbank.com/questions/893"
"894","4","Software Engineering","SWE","91","Physics I","13","Fall 25","2","Final","1","2025-12-27T16:35:49.000000Z","https://diuqbank.com/questions/894"
"895","1","Computer Science & Engineering","CSE","17","Data communication","13","Fall 25","3","Quiz","1","2025-12-28T05:01:18.000000Z","https://diuqbank.com/questions/895"
"896","1","Computer Science & Engineering","CSE","62","Natural Language Processing","11","Summer 25","1","Mid","1","2025-12-28T05:10:51.000000Z","https://diuqbank.com/questions/896"
"897","1","Computer Science & Engineering","CSE","120","Social and Professional Issues in Computing","13","Fall 25","3","Quiz","1","2025-12-28T05:15:12.000000Z","https://diuqbank.com/questions/897"
"898","1","Computer Science & Engineering","CSE","87","Software Engineering","11","Summer 25","4","Lab Final","1","2025-12-28T05:19:36.000000Z","https://diuqbank.com/questions/898"
"899","1","Computer Science & Engineering","CSE","207","Computer Fundamental","9","Fall 24","1","Mid","1","2025-12-28T05:22:04.000000Z","https://diuqbank.com/questions/899"
"900","1","Computer Science & Engineering","CSE","5","Basic Functional English and English Spoken","10","Spring 25","4","Lab Final","1","2025-12-28T05:25:59.000000Z","https://diuqbank.com/questions/900"
"901","1","Computer Science & Engineering","CSE","120","Social and Professional Issues in Computing","3","Spring 23","2","Final","1","2025-12-28T05:29:40.000000Z","https://diuqbank.com/questions/901"
"902","1","Computer Science & Engineering","CSE","120","Social and Professional Issues in Computing","10","Spring 25","1","Mid","1","2025-12-28T05:32:25.000000Z","https://diuqbank.com/questions/902"
"903","1","Computer Science & Engineering","CSE","120","Social and Professional Issues in Computing","7","Fall 22","2","Final","1","2025-12-28T05:34:36.000000Z","https://diuqbank.com/questions/903"
"904","1","Computer Science & Engineering","CSE","131","Web Engineeing","9","Fall 24","2","Final","1","2025-12-28T05:39:01.000000Z","https://diuqbank.com/questions/904"
"905","1","Computer Science & Engineering","CSE","131","Web Engineeing","7","Fall 22","2","Final","1","2025-12-28T05:42:40.000000Z","https://diuqbank.com/questions/905"
"906","1","Computer Science & Engineering","CSE","31","Digital Image Processing","10","Spring 25","1","Mid","1","2025-12-28T05:46:42.000000Z","https://diuqbank.com/questions/906"
"907","1","Computer Science & Engineering","CSE","131","Web Engineeing","9","Fall 24","1","Mid","1","2025-12-28T05:51:43.000000Z","https://diuqbank.com/questions/907"
"908","1","Computer Science & Engineering","CSE","131","Web Engineeing","1","Spring 24","2","Final","1","2025-12-28T05:55:51.000000Z","https://diuqbank.com/questions/908"
"909","1","Computer Science & Engineering","CSE","62","Natural Language Processing","1","Spring 24","1","Mid","1","2025-12-28T05:59:30.000000Z","https://diuqbank.com/questions/909"
"910","1","Computer Science & Engineering","CSE","115","Computer Graphics","9","Fall 24","1","Mid","1","2025-12-28T06:03:39.000000Z","https://diuqbank.com/questions/910"
"911","1","Computer Science & Engineering","CSE","115","Computer Graphics","1","Spring 24","2","Final","1","2025-12-28T06:10:06.000000Z","https://diuqbank.com/questions/911"
"912","1","Computer Science & Engineering","CSE","211","Financial and Managerial Accounting_Theory","1","Spring 24","1","Mid","1","2025-12-28T06:12:37.000000Z","https://diuqbank.com/questions/912"
"913","1","Computer Science & Engineering","CSE","56","Information Security","2","Fall 23","2","Final","1","2025-12-28T06:18:01.000000Z","https://diuqbank.com/questions/913"
"914","1","Computer Science & Engineering","CSE","25","Database management System","2","Fall 23","2","Final","1","2025-12-28T06:22:48.000000Z","https://diuqbank.com/questions/914"
"915","1","Computer Science & Engineering","CSE","87","Software Engineering","1","Spring 24","2","Final","1","2025-12-28T06:29:26.000000Z","https://diuqbank.com/questions/915"
"916","1","Computer Science & Engineering","CSE","120","Social and Professional Issues in Computing","3","Spring 23","1","Mid","1","2025-12-28T06:35:08.000000Z","https://diuqbank.com/questions/916"
"917","1","Computer Science & Engineering","CSE","31","Digital Image Processing","1","Spring 24","2","Final","1","2025-12-28T06:38:50.000000Z","https://diuqbank.com/questions/917"
"918","1","Computer Science & Engineering","CSE","132","Pervasive Computing","13","Fall 25","2","Final","1","2025-12-28T06:41:42.000000Z","https://diuqbank.com/questions/918"
"919","1","Computer Science & Engineering","CSE","33","Mathematics II","2","Fall 23","2","Final","1","2025-12-28T06:43:38.000000Z","https://diuqbank.com/questions/919"
"920","1","Computer Science & Engineering","CSE","43","Digital Logic Design","3","Spring 23","2","Final","1","2025-12-28T06:46:16.000000Z","https://diuqbank.com/questions/920"
"921","1","Computer Science & Engineering","CSE","43","Digital Logic Design","2","Fall 23","2","Final","1","2025-12-28T06:47:54.000000Z","https://diuqbank.com/questions/921"
"922","1","Computer Science & Engineering","CSE","17","Data communication","1","Spring 24","2","Final","1","2025-12-28T06:50:03.000000Z","https://diuqbank.com/questions/922"
"923","1","Computer Science & Engineering","CSE","28","Data Mining and Machine learning","3","Spring 23","2","Final","1","2025-12-28T06:53:29.000000Z","https://diuqbank.com/questions/923"
"924","1","Computer Science & Engineering","CSE","62","Natural Language Processing","2","Fall 23","1","Mid","1","2025-12-28T06:56:12.000000Z","https://diuqbank.com/questions/924"
"925","1","Computer Science & Engineering","CSE","132","Pervasive Computing","3","Spring 23","1","Mid","1","2025-12-28T07:00:26.000000Z","https://diuqbank.com/questions/925"
"926","1","Computer Science & Engineering","CSE","32","Computer Architecture & Organization","3","Spring 23","1","Mid","1","2025-12-28T07:03:05.000000Z","https://diuqbank.com/questions/926"
"927","1","Computer Science & Engineering","CSE","34","Engineering Mathematics","3","Spring 23","1","Mid","1","2025-12-28T07:05:32.000000Z","https://diuqbank.com/questions/927"
"928","1","Computer Science & Engineering","CSE","211","Financial and Managerial Accounting_Theory","1","Spring 24","4","Lab Final","1","2025-12-28T07:09:17.000000Z","https://diuqbank.com/questions/928"
"929","1","Computer Science & Engineering","CSE","16","Compiler Design","2","Fall 23","1","Mid","1","2025-12-28T11:47:43.000000Z","https://diuqbank.com/questions/929"
"930","1","Computer Science & Engineering","CSE","43","Digital Logic Design","7","Fall 22","1","Mid","1","2025-12-28T11:51:08.000000Z","https://diuqbank.com/questions/930"
"931","1","Computer Science & Engineering","CSE","131","Web Engineeing","3","Spring 23","1","Mid","1","2025-12-28T15:17:28.000000Z","https://diuqbank.com/questions/931"
"932","1","Computer Science & Engineering","CSE","115","Computer Graphics","3","Spring 23","1","Mid","2","2025-12-28T15:19:53.000000Z","https://diuqbank.com/questions/932"
"934","1","Computer Science & Engineering","CSE","43","Digital Logic Design","3","Spring 23","1","Mid","1","2025-12-28T15:27:46.000000Z","https://diuqbank.com/questions/934"
"935","1","Computer Science & Engineering","CSE","211","Financial and Managerial Accounting_Theory","7","Fall 22","2","Final","1","2025-12-28T15:30:59.000000Z","https://diuqbank.com/questions/935"
"936","1","Computer Science & Engineering","CSE","26","Computer Networks","7","Fall 22","2","Final","1","2025-12-28T15:34:47.000000Z","https://diuqbank.com/questions/936"
"937","1","Computer Science & Engineering","CSE","25","Database management System","3","Spring 23","4","Lab Final","1","2025-12-28T15:38:05.000000Z","https://diuqbank.com/questions/937"
"938","1","Computer Science & Engineering","CSE","33","Mathematics II","5","Summer 22","1","Mid","1","2025-12-28T15:42:32.000000Z","https://diuqbank.com/questions/938"
"939","2","Electrical & Electronic Engineering","EEE","104","Coordinate Geometry and Vector Analysis","13","Fall 25","2","Final","1","2025-12-29T19:32:00.000000Z","https://diuqbank.com/questions/939"
"940","2","Electrical & Electronic Engineering","EEE","78","Differential and Integral Calculus","13","Fall 25","2","Final","1","2025-12-29T19:33:25.000000Z","https://diuqbank.com/questions/940"
"941","2","Electrical & Electronic Engineering","EEE","74","Physics I","13","Fall 25","2","Final","2","2025-12-29T19:43:24.000000Z","https://diuqbank.com/questions/941"
"942","2","Electrical & Electronic Engineering","EEE","68","Electrical Circuits","13","Fall 25","2","Final","1","2025-12-29T19:50:04.000000Z","https://diuqbank.com/questions/942"
"943","2","Electrical & Electronic Engineering","EEE","75","Chemistry ","13","Fall 25","2","Final","2","2025-12-29T19:52:34.000000Z","https://diuqbank.com/questions/943"
"944","4","Software Engineering","SWE","182","Statistics I","11","Summer 25","2","Final","1","2026-01-03T11:50:04.000000Z","https://diuqbank.com/questions/944"
"945","4","Software Engineering","SWE","182","Statistics I","1","Spring 24","2","Final","1","2026-01-03T11:50:58.000000Z","https://diuqbank.com/questions/945"
"946","4","Software Engineering","SWE","182","Statistics I","9","Fall 24","2","Final","1","2026-01-03T16:35:15.000000Z","https://diuqbank.com/questions/946"
"947","4","Software Engineering","SWE","50","Database Systems","7","Fall 22","2","Final","1","2026-01-03T16:36:22.000000Z","https://diuqbank.com/questions/947"
"948","4","Software Engineering","SWE","50","Database Systems","2","Fall 23","2","Final","1","2026-01-03T16:36:53.000000Z","https://diuqbank.com/questions/948"
"949","4","Software Engineering","SWE","50","Database Systems","9","Fall 24","2","Final","1","2026-01-03T16:37:31.000000Z","https://diuqbank.com/questions/949"
"950","4","Software Engineering","SWE","50","Database Systems","10","Spring 25","2","Final","1","2026-01-03T16:38:25.000000Z","https://diuqbank.com/questions/950"
"951","4","Software Engineering","SWE","50","Database Systems","11","Summer 25","2","Final","1","2026-01-03T16:38:56.000000Z","https://diuqbank.com/questions/951"
"952","4","Software Engineering","SWE","50","Database Systems","4","Spring 22","2","Final","1","2026-01-03T16:39:32.000000Z","https://diuqbank.com/questions/952"
"953","1","Computer Science & Engineering","CSE","176","Microprocessor & Microcontroller","13","Fall 25","1","Mid","1","2026-01-08T09:23:53.000000Z","https://diuqbank.com/questions/953"
"954","1","Computer Science & Engineering","CSE","176","Microprocessor & Microcontroller","13","Fall 25","2","Final","1","2026-01-08T09:29:14.000000Z","https://diuqbank.com/questions/954"
"955","1","Computer Science & Engineering","CSE","56","Information Security","1","Spring 24","2","Final","1","2026-01-08T09:37:28.000000Z","https://diuqbank.com/questions/955"
"956","1","Computer Science & Engineering","CSE","56","Information Security","7","Fall 22","2","Final","1","2026-01-08T09:40:05.000000Z","https://diuqbank.com/questions/956"
"958","8","GEB","GEB","99","Introduction to GEB ","13","Fall 25","2","Final","1","2026-01-13T16:03:00.000000Z","https://diuqbank.com/questions/958"
"959","8","GEB","GEB","126","Communicative English","13","Fall 25","2","Final","1","2026-01-13T16:03:52.000000Z","https://diuqbank.com/questions/959"
"960","8","GEB","GEB","124","Basic Plant Science","13","Fall 25","2","Final","1","2026-01-13T16:04:42.000000Z","https://diuqbank.com/questions/960"
"961","8","GEB","GEB","98","Introductory Animal Science ","13","Fall 25","2","Final","1","2026-01-13T16:05:49.000000Z","https://diuqbank.com/questions/961"
"963","5","Business Administration","BBA","218","Income tax Accounting","13","Fall 25","2","Final","1","2026-01-15T07:48:29.000000Z","https://diuqbank.com/questions/963"
"964","4","Software Engineering","SWE","182","Statistics I","13","Fall 25","2","Final","2","2026-01-16T15:10:11.000000Z","https://diuqbank.com/questions/964"
"965","8","GEB","GEB","200","Enzymology","13","Fall 25","2","Final","1","2026-01-17T03:21:40.000000Z","https://diuqbank.com/questions/965"
"966","10","NFE","NFE","162","Basic human nutrition","13","Fall 25","2","Final","1","2026-01-19T15:23:25.000000Z","https://diuqbank.com/questions/966"
"967","10","NFE","NFE","140","Communicative English","13","Fall 25","2","Final","1","2026-01-19T15:24:10.000000Z","https://diuqbank.com/questions/967"
"968","10","NFE","NFE","139","Introduction to food science and technology","13","Fall 25","2","Final","1","2026-01-19T15:24:56.000000Z","https://diuqbank.com/questions/968"
"969","10","NFE","NFE","144","Physical Inorganic and Analytical Chemistry","13","Fall 25","2","Final","1","2026-01-19T15:25:36.000000Z","https://diuqbank.com/questions/969"
"970","1","Computer Science & Engineering","CSE","43","Digital Logic Design","22","Spring 26","3","Quiz","1","2026-01-21T09:09:02.000000Z","https://diuqbank.com/questions/970"
"971","7","CIS","CIS","167","Financial Management System","13","Fall 25","2","Final","1","2026-01-24T07:26:43.000000Z","https://diuqbank.com/questions/971"
"972","7","CIS","CIS","82","Computer Networks","13","Fall 25","4","Lab Final","1","2026-01-24T07:35:27.000000Z","https://diuqbank.com/questions/972"
"973","4","Software Engineering","SWE","170","Discrete Mathematics","22","Spring 26","3","Quiz","2","2026-01-24T16:13:43.000000Z","https://diuqbank.com/questions/973"
"974","1","Computer Science & Engineering","CSE","10","Physics I","22","Spring 26","3","Quiz","4","2026-01-25T06:45:38.000000Z","https://diuqbank.com/questions/974"
"975","4","Software Engineering","SWE","95","Structured Programming","22","Spring 26","3","Quiz","7","2026-01-25T10:50:41.000000Z","https://diuqbank.com/questions/975"
"976","4","Software Engineering","SWE","72","Computer Fundamentals","13","Fall 25","2","Final","1","2026-01-25T10:58:58.000000Z","https://diuqbank.com/questions/976"
"977","1","Computer Science & Engineering","CSE","15","Numerical Methods ","22","Spring 26","3","Quiz","1","2026-01-26T07:12:04.000000Z","https://diuqbank.com/questions/977"
"978","1","Computer Science & Engineering","CSE","120","Social and Professional Issues in Computing","22","Spring 26","3","Quiz","4","2026-01-26T18:36:48.000000Z","https://diuqbank.com/questions/978"
"979","1","Computer Science & Engineering","CSE","25","Database management System","22","Spring 26","3","Quiz","7","2026-01-27T05:10:55.000000Z","https://diuqbank.com/questions/979"
"980","1","Computer Science & Engineering","CSE","16","Compiler Design","22","Spring 26","3","Quiz","2","2026-01-27T05:31:46.000000Z","https://diuqbank.com/questions/980"
"981","1","Computer Science & Engineering","CSE","115","Computer Graphics","22","Spring 26","3","Quiz","5","2026-01-31T19:22:44.000000Z","https://diuqbank.com/questions/981"
"984","1","Computer Science & Engineering","CSE","42","Theory of Computation","22","Spring 26","3","Quiz","1","2026-02-01T06:49:00.000000Z","https://diuqbank.com/questions/984"
"985","1","Computer Science & Engineering","CSE","3","Writing and Comprehension","22","Spring 26","3","Quiz","8","2026-02-01T08:27:43.000000Z","https://diuqbank.com/questions/985"
"986","1","Computer Science & Engineering","CSE","22","System Analysis and Design","22","Spring 26","3","Quiz","1","2026-02-01T11:39:03.000000Z","https://diuqbank.com/questions/986"
"987","1","Computer Science & Engineering","CSE","12","Computer Fundamentals","22","Spring 26","3","Quiz","4","2026-02-01T15:23:06.000000Z","https://diuqbank.com/questions/987"
"988","1","Computer Science & Engineering","CSE","5","Basic Functional English and English Spoken","22","Spring 26","3","Quiz","1","2026-02-02T16:50:21.000000Z","https://diuqbank.com/questions/988"
"989","4","Software Engineering","SWE","117","Introduction to software engineering - SE113","22","Spring 26","3","Quiz","1","2026-02-05T19:39:47.000000Z","https://diuqbank.com/questions/989"
"990","1","Computer Science & Engineering","CSE","207","Computer Fundamental","13","Fall 25","3","Quiz","1","2026-02-06T11:29:15.000000Z","https://diuqbank.com/questions/990"
"991","1","Computer Science & Engineering","CSE","11","Introduction to Biology and Chemistry for Computation","22","Spring 26","3","Quiz","2","2026-02-13T02:44:58.000000Z","https://diuqbank.com/questions/991"
"992","2","Electrical & Electronic Engineering","EEE","75","Chemistry ","13","Fall 25","1","Mid","1","2026-02-15T11:52:46.000000Z","https://diuqbank.com/questions/992"
"993","2","Electrical & Electronic Engineering","EEE","74","Physics I","13","Fall 25","1","Mid","1","2026-02-15T11:54:47.000000Z","https://diuqbank.com/questions/993"
"994","2","Electrical & Electronic Engineering","EEE","68","Electrical Circuits","13","Fall 25","1","Mid","1","2026-02-15T11:56:24.000000Z","https://diuqbank.com/questions/994"
"995","2","Electrical & Electronic Engineering","EEE","78","Differential and Integral Calculus","13","Fall 25","1","Mid","1","2026-02-15T11:56:53.000000Z","https://diuqbank.com/questions/995"
"996","8","GEB","GEB","221","Introduction to Animal science","22","Spring 26","3","Quiz","1","2026-02-15T16:32:40.000000Z","https://diuqbank.com/questions/996"
"997","11","Multimedia & Creative Technology","MCT","222","Structured programming","22","Spring 26","3","Quiz","2","2026-02-16T04:50:39.000000Z","https://diuqbank.com/questions/997"
"998","1","Computer Science & Engineering","CSE","87","Software Engineering","22","Spring 26","3","Quiz","1","2026-02-18T16:28:49.000000Z","https://diuqbank.com/questions/998"
"999","1","Computer Science & Engineering","CSE","44","Introduction to Data Science ","22","Spring 26","3","Quiz","1","2026-02-18T16:29:59.000000Z","https://diuqbank.com/questions/999"
"1000","1","Computer Science & Engineering","CSE","6","Programming and Problem Solving","22","Spring 26","3","Quiz","6","2026-02-19T05:23:19.000000Z","https://diuqbank.com/questions/1000"
"1001","1","Computer Science & Engineering","CSE","163","English II","22","Spring 26","3","Quiz","0","2026-02-19T05:26:58.000000Z","https://diuqbank.com/questions/1001"
"1003","8","GEB","GEB","99","Introduction to GEB ","13","Fall 25","1","Mid","1","2026-02-21T03:45:43.000000Z","https://diuqbank.com/questions/1003"
"1004","8","GEB","GEB","124","Basic Plant Science","13","Fall 25","1","Mid","1","2026-02-21T03:46:09.000000Z","https://diuqbank.com/questions/1004"
"1005","8","GEB","GEB","221","Introduction to Animal science","13","Fall 25","1","Mid","1","2026-02-21T03:46:49.000000Z","https://diuqbank.com/questions/1005"
"1006","8","GEB","GEB","126","Communicative English","9","Fall 24","1","Mid","1","2026-02-21T03:47:11.000000Z","https://diuqbank.com/questions/1006"
"1007","4","Software Engineering","SWE","202","Computer Fundamentals","22","Spring 26","3","Quiz","1","2026-02-21T08:37:57.000000Z","https://diuqbank.com/questions/1007"
"1008","4","Software Engineering","SWE","88","English I","22","Spring 26","1","Mid","3","2026-02-21T18:03:56.000000Z","https://diuqbank.com/questions/1008"
"1009","4","Software Engineering","SWE","91","Physics I","22","Spring 26","1","Mid","4","2026-02-22T04:14:38.000000Z","https://diuqbank.com/questions/1009"
"1010","4","Software Engineering","SWE","183","Computer Architecture","22","Spring 26","1","Mid","4","2026-02-22T04:46:43.000000Z","https://diuqbank.com/questions/1010"
"1011","1","Computer Science & Engineering","CSE","17","Data communication","22","Spring 26","1","Mid","6","2026-02-22T05:13:49.000000Z","https://diuqbank.com/questions/1011"
"1012","2","Electrical & Electronic Engineering","EEE","101","Energy Conversion-I","22","Spring 26","1","Mid","1","2026-02-22T06:49:42.000000Z","https://diuqbank.com/questions/1012"
"1013","1","Computer Science & Engineering","CSE","29","Operating Systems","22","Spring 26","1","Mid","3","2026-02-22T06:50:18.000000Z","https://diuqbank.com/questions/1013"
"1014","1","Computer Science & Engineering","CSE","120","Social and Professional Issues in Computing","22","Spring 26","1","Mid","1","2026-02-22T06:51:05.000000Z","https://diuqbank.com/questions/1014"
"1015","1","Computer Science & Engineering","CSE","9","Mathematics I","22","Spring 26","1","Mid","5","2026-02-22T07:23:39.000000Z","https://diuqbank.com/questions/1015"
"1016","4","Software Engineering","SWE","119","Design Pattern ","10","Spring 25","1","Mid","1","2026-02-22T08:06:18.000000Z","https://diuqbank.com/questions/1016"
"1017","4","Software Engineering","SWE","119","Design Pattern ","22","Spring 26","3","Quiz","1","2026-02-22T08:16:48.000000Z","https://diuqbank.com/questions/1017"
"1018","1","Computer Science & Engineering","CSE","15","Numerical Methods ","22","Spring 26","1","Mid","4","2026-02-22T08:59:31.000000Z","https://diuqbank.com/questions/1018"
"1019","1","Computer Science & Engineering","CSE","6","Programming and Problem Solving","22","Spring 26","1","Mid","5","2026-02-22T09:06:34.000000Z","https://diuqbank.com/questions/1019"
"1020","1","Computer Science & Engineering","CSE","14","Discrete Mathematics","22","Spring 26","1","Mid","1","2026-02-22T09:11:03.000000Z","https://diuqbank.com/questions/1020"
"1021","4","Software Engineering","SWE","94","Mathematic II","22","Spring 26","1","Mid","2","2026-02-22T12:14:42.000000Z","https://diuqbank.com/questions/1021"
"1022","4","Software Engineering","SWE","223","Introduction to Data Science and Data Management & Analysis","22","Spring 26","1","Mid","1","2026-02-22T12:27:33.000000Z","https://diuqbank.com/questions/1022"
"1023","4","Software Engineering","SWE","49","Algorithm Design and Analysis ","22","Spring 26","1","Mid","2","2026-02-22T12:47:40.000000Z","https://diuqbank.com/questions/1023"
"1024","3","ITM","ITM","224","Business Mathematics","22","Spring 26","1","Mid","1","2026-02-22T13:43:00.000000Z","https://diuqbank.com/questions/1024"
"1025","3","ITM","ITM","224","Business Mathematics","22","Spring 26","3","Quiz","1","2026-02-22T13:45:24.000000Z","https://diuqbank.com/questions/1025"
"1026","5","Business Administration","BBA","225","Marketing Management","22","Spring 26","1","Mid","1","2026-02-22T14:15:50.000000Z","https://diuqbank.com/questions/1026"
"1027","4","Software Engineering","SWE","201","English-1","22","Spring 26","1","Mid","2","2026-02-22T17:16:46.000000Z","https://diuqbank.com/questions/1027"
"1028","1","Computer Science & Engineering","CSE","115","Computer Graphics","22","Spring 26","1","Mid","3","2026-02-23T04:36:19.000000Z","https://diuqbank.com/questions/1028"
"1029","6","Civil Engineering","CE","226","Mechanics of Solids II","22","Spring 26","1","Mid","1","2026-02-23T05:14:37.000000Z","https://diuqbank.com/questions/1029"
"1030","1","Computer Science & Engineering","CSE","2","Data Structures","22","Spring 26","1","Mid","3","2026-02-23T06:50:58.000000Z","https://diuqbank.com/questions/1030"
"1031","4","Software Engineering","SWE","119","Design Pattern ","22","Spring 26","1","Mid","3","2026-02-23T07:06:20.000000Z","https://diuqbank.com/questions/1031"
"1032","8","GEB","GEB","221","Introduction to Animal science","22","Spring 26","1","Mid","1","2026-02-23T08:28:57.000000Z","https://diuqbank.com/questions/1032"
"1033","1","Computer Science & Engineering","CSE","42","Theory of Computation","22","Spring 26","1","Mid","7","2026-02-24T04:14:43.000000Z","https://diuqbank.com/questions/1033"
"1034","4","Software Engineering","SWE","54","Art of Living ","22","Spring 26","1","Mid","7","2026-02-24T04:36:05.000000Z","https://diuqbank.com/questions/1034"
"1035","1","Computer Science & Engineering","CSE","34","Engineering Mathematics","22","Spring 26","1","Mid","1","2026-02-24T04:46:05.000000Z","https://diuqbank.com/questions/1035"
"1036","9","TE","TE","227","Manufacturing Engineering","22","Spring 26","1","Mid","1","2026-02-24T04:52:27.000000Z","https://diuqbank.com/questions/1036"
"1037","4","Software Engineering","SWE","92","Software Requirement & Specifications ","22","Spring 26","1","Mid","3","2026-02-24T05:18:37.000000Z","https://diuqbank.com/questions/1037"
"1038","1","Computer Science & Engineering","CSE","12","Computer Fundamentals","22","Spring 26","1","Mid","3","2026-02-24T06:50:07.000000Z","https://diuqbank.com/questions/1038"
"1039","1","Computer Science & Engineering","CSE","87","Software Engineering","22","Spring 26","1","Mid","2","2026-02-24T06:50:23.000000Z","https://diuqbank.com/questions/1039"
"1040","4","Software Engineering","SWE","202","Computer Fundamentals","22","Spring 26","1","Mid","1","2026-02-24T07:26:08.000000Z","https://diuqbank.com/questions/1040"
"1041","1","Computer Science & Engineering","CSE","33","Mathematics II","22","Spring 26","1","Mid","3","2026-02-24T08:55:17.000000Z","https://diuqbank.com/questions/1041"
"1042","1","Computer Science & Engineering","CSE","25","Database management System","22","Spring 26","1","Mid","3","2026-02-24T09:10:38.000000Z","https://diuqbank.com/questions/1042"
"1043","4","Software Engineering","SWE","228","Statistical Data Analysis","22","Spring 26","1","Mid","1","2026-02-24T09:43:45.000000Z","https://diuqbank.com/questions/1043"
"1044","12","Agricultural Science","AGS","172","Biochemistry-I(General Biochemistry)","22","Spring 26","1","Mid","1","2026-02-24T12:39:19.000000Z","https://diuqbank.com/questions/1044"
"1045","12","Agricultural Science","AGS","181","Farm Power and Machinery","22","Spring 26","1","Mid","1","2026-02-24T12:40:19.000000Z","https://diuqbank.com/questions/1045"
"1046","4","Software Engineering","SWE","49","Algorithm Design and Analysis ","11","Summer 25","1","Mid","1","2026-02-24T13:20:01.000000Z","https://diuqbank.com/questions/1046"
"1047","4","Software Engineering","SWE","49","Algorithm Design and Analysis ","1","Spring 24","1","Mid","2","2026-02-24T13:20:30.000000Z","https://diuqbank.com/questions/1047"
"1048","4","Software Engineering","SWE","47","Introduction to Robotics ","1","Spring 24","1","Mid","2","2026-02-24T13:22:20.000000Z","https://diuqbank.com/questions/1048"
"1049","4","Software Engineering","SWE","47","Introduction to Robotics ","22","Spring 26","1","Mid","3","2026-02-24T13:27:33.000000Z","https://diuqbank.com/questions/1049"
"1050","4","Software Engineering","SWE","195","Introduction to Machine Learning","22","Spring 26","1","Mid","1","2026-02-24T13:29:03.000000Z","https://diuqbank.com/questions/1050"
"1051","12","Agricultural Science","AGS","188","Agricultural Chemistry -I","22","Spring 26","1","Mid","1","2026-02-24T15:23:19.000000Z","https://diuqbank.com/questions/1051"
"1052","12","Agricultural Science","AGS","229","History of Emergence of Independent Bangladesh","22","Spring 26","1","Mid","1","2026-02-24T15:31:58.000000Z","https://diuqbank.com/questions/1052"
"1053","3","ITM","ITM","230","Principles of Marketing","22","Spring 26","1","Mid","1","2026-02-24T17:08:02.000000Z","https://diuqbank.com/questions/1053"
"1054","4","Software Engineering","SWE","141","Data Structures","22","Spring 26","1","Mid","3","2026-02-24T19:29:45.000000Z","https://diuqbank.com/questions/1054"
"1055","2","Electrical & Electronic Engineering","EEE","231","Numerical methods","22","Spring 26","1","Mid","1","2026-02-24T23:34:56.000000Z","https://diuqbank.com/questions/1055"
"1056","1","Computer Science & Engineering","CSE","96","Mobile Application Design","22","Spring 26","1","Mid","1","2026-02-25T04:28:41.000000Z","https://diuqbank.com/questions/1056"
"1057","8","GEB","GEB","232","Animal Breeding","22","Spring 26","1","Mid","1","2026-02-25T05:03:23.000000Z","https://diuqbank.com/questions/1057"
"1058","1","Computer Science & Engineering","CSE","87","Software Engineering","1","Spring 24","1","Mid","1","2026-02-25T05:17:00.000000Z","https://diuqbank.com/questions/1058"
"1059","1","Computer Science & Engineering","CSE","87","Software Engineering","3","Spring 23","1","Mid","1","2026-02-25T05:19:39.000000Z","https://diuqbank.com/questions/1059"
"1060","1","Computer Science & Engineering","CSE","87","Software Engineering","5","Summer 22","1","Mid","1","2026-02-25T05:20:31.000000Z","https://diuqbank.com/questions/1060"
"1061","8","GEB","GEB","233","Cytology","22","Spring 26","1","Mid","1","2026-02-25T05:22:31.000000Z","https://diuqbank.com/questions/1061"
"1062","1","Computer Science & Engineering","CSE","1","Physics II","22","Spring 26","1","Mid","4","2026-02-25T06:42:16.000000Z","https://diuqbank.com/questions/1062"
"1063","4","Software Engineering","SWE","45","Theory of Computing ","22","Spring 26","1","Mid","3","2026-02-25T06:50:05.000000Z","https://diuqbank.com/questions/1063"
"1064","2","Electrical & Electronic Engineering","EEE","102","Electronics-I","9","Fall 24","1","Mid","1","2026-02-25T08:22:40.000000Z","https://diuqbank.com/questions/1064"
"1065","4","Software Engineering","SWE","48","Principles of Accounting, Business & Economics","22","Spring 26","3","Quiz","3","2026-02-25T11:19:50.000000Z","https://diuqbank.com/questions/1065"
"1066","2","Electrical & Electronic Engineering","EEE","177","Electronics-II","22","Spring 26","1","Mid","1","2026-02-25T15:58:25.000000Z","https://diuqbank.com/questions/1066"
"1067","8","GEB","GEB","185","Animal and Human Physiology","22","Spring 26","1","Mid","1","2026-02-25T16:56:57.000000Z","https://diuqbank.com/questions/1067"
"1068","8","GEB","GEB","200","Enzymology","22","Spring 26","1","Mid","1","2026-02-25T16:59:59.000000Z","https://diuqbank.com/questions/1068"
"1069","4","Software Engineering","SWE","45","Theory of Computing ","3","Spring 23","1","Mid","1","2026-02-25T17:09:40.000000Z","https://diuqbank.com/questions/1069"
"1070","4","Software Engineering","SWE","45","Theory of Computing ","2","Fall 23","1","Mid","1","2026-02-25T17:10:37.000000Z","https://diuqbank.com/questions/1070"
"1071","4","Software Engineering","SWE","45","Theory of Computing ","9","Fall 24","1","Mid","1","2026-02-25T17:11:25.000000Z","https://diuqbank.com/questions/1071"
"1072","4","Software Engineering","SWE","45","Theory of Computing ","11","Summer 25","1","Mid","1","2026-02-25T17:12:19.000000Z","https://diuqbank.com/questions/1072"
"1073","4","Software Engineering","SWE","95","Structured Programming","22","Spring 26","1","Mid","3","2026-02-26T04:27:41.000000Z","https://diuqbank.com/questions/1073"
"1074","1","Computer Science & Engineering","CSE","43","Digital Logic Design","22","Spring 26","1","Mid","5","2026-02-26T04:29:09.000000Z","https://diuqbank.com/questions/1074"
"1075","4","Software Engineering","SWE","50","Database Systems","22","Spring 26","1","Mid","4","2026-02-26T04:31:47.000000Z","https://diuqbank.com/questions/1075"
"1076","9","TE","TE","234","Basic Electrical and Electronic Engineering","22","Spring 26","1","Mid","2","2026-02-26T05:14:00.000000Z","https://diuqbank.com/questions/1076"
"1077","1","Computer Science & Engineering","CSE","27","Artificial Intelligence","22","Spring 26","1","Mid","2","2026-02-26T06:48:14.000000Z","https://diuqbank.com/questions/1077"
"1078","1","Computer Science & Engineering","CSE","11","Introduction to Biology and Chemistry for Computation","22","Spring 26","1","Mid","3","2026-02-26T06:53:11.000000Z","https://diuqbank.com/questions/1078"
"1079","1","Computer Science & Engineering","CSE","235","Research Innovation and Technical Writing","22","Spring 26","1","Mid","5","2026-02-26T07:18:27.000000Z","https://diuqbank.com/questions/1079"
"1080","6","Civil Engineering","CE","236","Engineering Mathematics for Civil Engineers","22","Spring 26","1","Mid","1","2026-02-26T08:55:48.000000Z","https://diuqbank.com/questions/1080"
"1081","1","Computer Science & Engineering","CSE","16","Compiler Design","22","Spring 26","1","Mid","3","2026-02-26T09:01:35.000000Z","https://diuqbank.com/questions/1081"
"1082","1","Computer Science & Engineering","CSE","3","Writing and Comprehension","22","Spring 26","1","Mid","4","2026-02-26T09:25:14.000000Z","https://diuqbank.com/questions/1082"
"1083","4","Software Engineering","SWE","89","Object oriented programming","22","Spring 26","1","Mid","3","2026-02-26T09:26:02.000000Z","https://diuqbank.com/questions/1083"
"1084","4","Software Engineering","SWE","203","Introduction to Software Engineering","13","Fall 25","2","Final","1","2026-02-26T09:39:01.000000Z","https://diuqbank.com/questions/1084"
"1085","12","Agricultural Science","AGS","197","Fundamentals of Agricultural Economics","22","Spring 26","1","Mid","1","2026-02-26T12:34:05.000000Z","https://diuqbank.com/questions/1085"
"1086","2","Electrical & Electronic Engineering","EEE","179","Probability & Statistics","22","Spring 26","1","Mid","1","2026-02-26T12:57:07.000000Z","https://diuqbank.com/questions/1086"
"1087","1","Computer Science & Engineering","CSE","18","Algorithms","22","Spring 26","1","Mid","1","2026-02-26T13:38:01.000000Z","https://diuqbank.com/questions/1087"
"1088","4","Software Engineering","SWE","138","Digital Electronics and Logic Design","22","Spring 26","1","Mid","1","2026-02-26T15:54:20.000000Z","https://diuqbank.com/questions/1088"
"1089","3","ITM","ITM","237","Principles of Accounting","22","Spring 26","1","Mid","1","2026-02-26T17:14:05.000000Z","https://diuqbank.com/questions/1089"
"1090","1","Computer Science & Engineering","CSE","44","Introduction to Data Science ","1","Spring 24","2","Final","1","2026-02-27T09:19:33.000000Z","https://diuqbank.com/questions/1090"
"1091","12","Agricultural Science","AGS","238","Agricultural Extension-1","22","Spring 26","1","Mid","1","2026-02-27T15:56:00.000000Z","https://diuqbank.com/questions/1091"
"1092","8","GEB","GEB","239","Metabolism","22","Spring 26","1","Mid","1","2026-02-27T21:36:24.000000Z","https://diuqbank.com/questions/1092"
"1093","4","Software Engineering","SWE","170","Discrete Mathematics","22","Spring 26","1","Mid","4","2026-02-28T04:32:48.000000Z","https://diuqbank.com/questions/1093"
"1094","1","Computer Science & Engineering","CSE","4","Electrical Circuits","22","Spring 26","1","Mid","1","2026-02-28T04:36:17.000000Z","https://diuqbank.com/questions/1094"
"1095","4","Software Engineering","SWE","53","Data Communication and Computer Networking","22","Spring 26","1","Mid","2","2026-02-28T04:46:13.000000Z","https://diuqbank.com/questions/1095"
"1096","1","Computer Science & Engineering","CSE","64","Bangladesh Studies","22","Spring 26","1","Mid","1","2026-02-28T06:04:22.000000Z","https://diuqbank.com/questions/1096"
"1097","1","Computer Science & Engineering","CSE","5","Basic Functional English and English Spoken","22","Spring 26","1","Mid","3","2026-02-28T06:33:40.000000Z","https://diuqbank.com/questions/1097"
"1098","1","Computer Science & Engineering","CSE","44","Introduction to Data Science ","22","Spring 26","1","Mid","1","2026-02-28T06:47:50.000000Z","https://diuqbank.com/questions/1098"
"1099","1","Computer Science & Engineering","CSE","22","System Analysis and Design","22","Spring 26","1","Mid","3","2026-02-28T09:01:50.000000Z","https://diuqbank.com/questions/1099"
"1100","4","Software Engineering","SWE","55","Mathematics I","22","Spring 26","1","Mid","1","2026-02-28T09:53:41.000000Z","https://diuqbank.com/questions/1100"
"1101","1","Computer Science & Engineering","CSE","10","Physics I","22","Spring 26","1","Mid","1","2026-02-28T12:03:24.000000Z","https://diuqbank.com/questions/1101"
"1102","4","Software Engineering","SWE","48","Principles of Accounting, Business & Economics","22","Spring 26","1","Mid","2","2026-02-28T16:22:19.000000Z","https://diuqbank.com/questions/1102"
"1103","12","Agricultural Science","AGS","155","Principles of Agronomy","22","Spring 26","1","Mid","1","2026-02-28T16:36:53.000000Z","https://diuqbank.com/questions/1103"
"1104","12","Agricultural Science","AGS","173","Rural Sociology","22","Spring 26","1","Mid","2","2026-02-28T16:40:49.000000Z","https://diuqbank.com/questions/1104"
"1105","9","TE","TE","241","Industrial Management","22","Spring 26","1","Mid","3","2026-03-01T10:37:28.000000Z","https://diuqbank.com/questions/1105"
"1106","9","TE","TE","242","Art of Living and Engineering Ethics","22","Spring 26","1","Mid","3","2026-03-01T10:40:32.000000Z","https://diuqbank.com/questions/1106"
"1107","9","TE","TE","243","Materials and Manufacturing Engineering","22","Spring 26","1","Mid","2","2026-03-01T10:45:39.000000Z","https://diuqbank.com/questions/1107"
"1108","3","ITM","ITM","244","Structured Programming","22","Spring 26","1","Mid","1","2026-03-01T14:44:32.000000Z","https://diuqbank.com/questions/1108"
"1109","9","TE","TE","245","Textile Testing and Quality Control I","22","Spring 26","1","Mid","3","2026-03-01T22:39:10.000000Z","https://diuqbank.com/questions/1109"
"1111","8","GEB","GEB","189","Basic Biochemistry","22","Spring 26","1","Mid","1","2026-03-02T13:33:33.000000Z","https://diuqbank.com/questions/1111"
"1112","8","GEB","GEB","186","Art of Living","22","Spring 26","1","Mid","1","2026-03-02T13:35:03.000000Z","https://diuqbank.com/questions/1112"
"1113","1","Computer Science & Engineering","CSE","247","Instrumentation and Control","22","Spring 26","1","Mid","2","2026-03-02T14:22:25.000000Z","https://diuqbank.com/questions/1113"
"1114","12","Agricultural Science","AGS","240","Principles of Agroforestry","22","Spring 26","1","Mid","1","2026-03-02T15:15:12.000000Z","https://diuqbank.com/questions/1114"
"1115","6","Civil Engineering","CE","248","Fluid Mechanics","22","Spring 26","1","Mid","1","2026-03-02T17:21:34.000000Z","https://diuqbank.com/questions/1115"
"1116","10","NFE","NFE","164","Human physiology","22","Spring 26","1","Mid","1","2026-03-03T07:51:35.000000Z","https://diuqbank.com/questions/1116"
"1117","10","NFE","NFE","158","Food chemistry","22","Spring 26","1","Mid","1","2026-03-03T07:53:32.000000Z","https://diuqbank.com/questions/1117"
"1118","10","NFE","NFE","144","Physical Inorganic and Analytical Chemistry","22","Spring 26","1","Mid","1","2026-03-03T07:57:00.000000Z","https://diuqbank.com/questions/1118"
"1119","8","GEB","GEB","137","Basic Microbiology","22","Spring 26","1","Mid","1","2026-03-03T23:37:49.000000Z","https://diuqbank.com/questions/1119"
"1120","8","GEB","GEB","148","Animal Reproduction and Embryology","22","Spring 26","1","Mid","1","2026-03-03T23:39:34.000000Z","https://diuqbank.com/questions/1120"
"1121","8","GEB","GEB","147","Computer Fundamental and Computational Biology","22","Spring 26","1","Mid","1","2026-03-03T23:40:05.000000Z","https://diuqbank.com/questions/1121"
"1122","8","GEB","GEB","161","Microbial Genetics","22","Spring 26","1","Mid","1","2026-03-03T23:40:55.000000Z","https://diuqbank.com/questions/1122"
"1123","8","GEB","GEB","143","Principle of Genetics","22","Spring 26","1","Mid","1","2026-03-03T23:42:38.000000Z","https://diuqbank.com/questions/1123"
"1124","12","Agricultural Science","AGS","249","Fundamental of Plant Pathology","22","Spring 26","1","Mid","2","2026-03-04T17:13:02.000000Z","https://diuqbank.com/questions/1124"
"1125","12","Agricultural Science","AGS","250","Principles of Weed Science","22","Spring 26","1","Mid","1","2026-03-04T17:14:31.000000Z","https://diuqbank.com/questions/1125"
"1126","8","GEB","GEB","251","Molecular Biology","22","Spring 26","1","Mid","3","2026-03-05T17:53:07.000000Z","https://diuqbank.com/questions/1126"
"1127","1","Computer Science & Engineering","CSE","30","Statistics and Probability","22","Spring 26","1","Mid","1","2026-03-06T16:57:45.000000Z","https://diuqbank.com/questions/1127"
"1128","8","GEB","GEB","124","Basic Plant Science","22","Spring 26","1","Mid","1","2026-03-09T17:03:10.000000Z","https://diuqbank.com/questions/1128"
"1129","8","GEB","GEB","99","Introduction to GEB ","22","Spring 26","1","Mid","1","2026-03-09T17:06:17.000000Z","https://diuqbank.com/questions/1129"
"1130","8","GEB","GEB","126","Communicative English","22","Spring 26","1","Mid","1","2026-03-09T17:08:30.000000Z","https://diuqbank.com/questions/1130"
"1131","4","Software Engineering","SWE","48","Principles of Accounting, Business & Economics","13","Fall 25","2","Final","1","2026-03-10T07:05:04.000000Z","https://diuqbank.com/questions/1131"
"1132","4","Software Engineering","SWE","52","Software Quality Assurance & Testing","13","Fall 25","2","Final","1","2026-03-10T07:15:03.000000Z","https://diuqbank.com/questions/1132"
"1133","4","Software Engineering","SWE","184","Management Information System","13","Fall 25","2","Final","1","2026-03-10T07:23:25.000000Z","https://diuqbank.com/questions/1133"
"1134","2","Electrical & Electronic Engineering","EEE","8","Electrical Circuits II","22","Spring 26","1","Mid","1","2026-03-13T18:46:52.000000Z","https://diuqbank.com/questions/1134"
"1135","2","Electrical & Electronic Engineering","EEE","7","Linear Algebra and Complex variable","22","Spring 26","1","Mid","1","2026-03-13T18:47:25.000000Z","https://diuqbank.com/questions/1135"
"1136","2","Electrical & Electronic Engineering","EEE","106","Ordinary and Partial Differential Equation","22","Spring 26","1","Mid","1","2026-03-13T18:48:02.000000Z","https://diuqbank.com/questions/1136"
"1137","2","Electrical & Electronic Engineering","EEE","252","Emergence of Bangladesh","22","Spring 26","1","Mid","1","2026-03-13T18:48:58.000000Z","https://diuqbank.com/questions/1137"
"1138","4","Software Engineering","SWE","156","Software Architecture & Design","22","Spring 26","1","Mid","1","2026-04-06T01:34:31.000000Z","https://diuqbank.com/questions/1138"
"1139","1","Computer Science & Engineering","CSE","29","Operating Systems","22","Spring 26","4","Lab Final","1","2026-04-12T16:36:04.000000Z","https://diuqbank.com/questions/1139"
"1140","4","Software Engineering","SWE","55","Mathematics I","22","Spring 26","3","Quiz","1","2026-04-14T12:07:40.000000Z","https://diuqbank.com/questions/1140"
"1141","10","NFE","NFE","159","Technology of fruits and vegetable","22","Spring 26","4","Lab Final","1","2026-04-17T14:53:45.000000Z","https://diuqbank.com/questions/1141"
"1142","7","CIS","CIS","165","Computer Architecture And Organization","22","Spring 26","3","Quiz","6","2026-04-20T20:49:01.000000Z","https://diuqbank.com/questions/1142"
"1143","7","CIS","CIS","165","Computer Architecture And Organization","22","Spring 26","2","Final","4","2026-04-20T20:51:10.000000Z","https://diuqbank.com/questions/1143"
"1144","4","Software Engineering","SWE","202","Computer Fundamentals","10","Spring 25","2","Final","0","2026-04-21T17:52:37.000000Z","https://diuqbank.com/questions/1144"
"1145","7","CIS","CIS","168","Introduction To Industry 4.0","9","Fall 24","2","Final","1","2026-04-21T20:46:06.000000Z","https://diuqbank.com/questions/1145"
"1146","7","CIS","CIS","168","Introduction To Industry 4.0","22","Spring 26","3","Quiz","3","2026-04-21T20:46:42.000000Z","https://diuqbank.com/questions/1146"
"1149","1","Computer Science & Engineering","CSE","29","Operating Systems","22","Spring 26","3","Quiz","1","2026-04-24T06:18:03.000000Z","https://diuqbank.com/questions/1149"
"1150","7","CIS","CIS","168","Introduction To Industry 4.0","13","Fall 25","3","Quiz","2","2026-04-24T08:40:19.000000Z","https://diuqbank.com/questions/1150"
"1151","7","CIS","CIS","168","Introduction To Industry 4.0","10","Spring 25","3","Quiz","1","2026-04-24T08:46:10.000000Z","https://diuqbank.com/questions/1151"
"1152","7","CIS","CIS","168","Introduction To Industry 4.0","13","Fall 25","2","Final","1","2026-04-24T08:47:40.000000Z","https://diuqbank.com/questions/1152"
"1153","2","Electrical & Electronic Engineering","EEE","7","Linear Algebra and Complex variable","22","Spring 26","3","Quiz","1","2026-04-24T10:42:15.000000Z","https://diuqbank.com/questions/1153"
"1154","2","Electrical & Electronic Engineering","EEE","8","Electrical Circuits II","22","Spring 26","3","Quiz","1","2026-04-24T11:01:20.000000Z","https://diuqbank.com/questions/1154"
"1155","4","Software Engineering","SWE","202","Computer Fundamentals","10","Spring 25","3","Quiz","1","2026-04-24T15:45:04.000000Z","https://diuqbank.com/questions/1155"
"1156","4","Software Engineering","SWE","92","Software Requirement & Specifications ","10","Spring 25","2","Final","1","2026-04-24T16:30:46.000000Z","https://diuqbank.com/questions/1156"
"1157","4","Software Engineering","SWE","183","Computer Architecture","22","Spring 26","2","Final","8","2026-04-25T04:54:43.000000Z","https://diuqbank.com/questions/1157"
"1158","4","Software Engineering","SWE","92","Software Requirement & Specifications ","22","Spring 26","2","Final","4","2026-04-25T04:59:33.000000Z","https://diuqbank.com/questions/1158"
"1159","1","Computer Science & Engineering","CSE","17","Data communication","22","Spring 26","2","Final","4","2026-04-25T05:03:30.000000Z","https://diuqbank.com/questions/1159"
"1160","9","TE","TE","245","Textile Testing and Quality Control I","22","Spring 26","2","Final","1","2026-04-25T05:36:52.000000Z","https://diuqbank.com/questions/1160"
"1161","4","Software Engineering","SWE","94","Mathematic II","22","Spring 26","2","Final","3","2026-04-25T07:24:04.000000Z","https://diuqbank.com/questions/1161"
"1162","1","Computer Science & Engineering","CSE","29","Operating Systems","22","Spring 26","2","Final","1","2026-04-25T08:02:52.000000Z","https://diuqbank.com/questions/1162"
"1163","1","Computer Science & Engineering","CSE","120","Social and Professional Issues in Computing","22","Spring 26","2","Final","2","2026-04-25T08:12:29.000000Z","https://diuqbank.com/questions/1163"
"1164","2","Electrical & Electronic Engineering","EEE","101","Energy Conversion-I","22","Spring 26","2","Final","1","2026-04-25T08:56:14.000000Z","https://diuqbank.com/questions/1164"
"1165","1","Computer Science & Engineering","CSE","9","Mathematics I","22","Spring 26","2","Final","4","2026-04-25T11:03:20.000000Z","https://diuqbank.com/questions/1165"
"1166","1","Computer Science & Engineering","CSE","15","Numerical Methods ","22","Spring 26","2","Final","2","2026-04-25T11:49:44.000000Z","https://diuqbank.com/questions/1166"
"1167","1","Computer Science & Engineering","CSE","6","Programming and Problem Solving","22","Spring 26","2","Final","2","2026-04-25T12:45:18.000000Z","https://diuqbank.com/questions/1167"
"1168","1","Computer Science & Engineering","CSE","14","Discrete Mathematics","22","Spring 26","2","Final","1","2026-04-25T12:53:40.000000Z","https://diuqbank.com/questions/1168"
"1169","2","Electrical & Electronic Engineering","EEE","7","Linear Algebra and Complex variable","22","Spring 26","2","Final","3","2026-04-25T14:02:30.000000Z","https://diuqbank.com/questions/1169"
"1170","4","Software Engineering","SWE","223","Introduction to Data Science and Data Management & Analysis","22","Spring 26","2","Final","1","2026-04-25T17:54:10.000000Z","https://diuqbank.com/questions/1170"
"1171","2","Electrical & Electronic Engineering","EEE","8","Electrical Circuits II","22","Spring 26","2","Final","3","2026-04-25T22:48:01.000000Z","https://diuqbank.com/questions/1171"
"1172","7","CIS","CIS","85","Data Structures","22","Spring 26","3","Quiz","1","2026-04-26T01:59:18.000000Z","https://diuqbank.com/questions/1172"
"1173","4","Software Engineering","SWE","49","Algorithm Design and Analysis ","22","Spring 26","2","Final","3","2026-04-26T04:22:55.000000Z","https://diuqbank.com/questions/1173"
"1174","4","Software Engineering","SWE","49","Algorithm Design and Analysis ","22","Spring 26","3","Quiz","6","2026-04-26T04:24:52.000000Z","https://diuqbank.com/questions/1174"
"1175","4","Software Engineering","SWE","49","Algorithm Design and Analysis ","11","Summer 25","2","Final","1","2026-04-26T04:27:49.000000Z","https://diuqbank.com/questions/1175"
"1176","1","Computer Science & Engineering","CSE","115","Computer Graphics","22","Spring 26","2","Final","4","2026-04-26T05:05:33.000000Z","https://diuqbank.com/questions/1176"
"1177","4","Software Engineering","SWE","88","English I","22","Spring 26","2","Final","2","2026-04-26T07:22:34.000000Z","https://diuqbank.com/questions/1177"
"1178","4","Software Engineering","SWE","117","Introduction to software engineering - SE113","22","Spring 26","1","Mid","2","2026-04-26T07:27:04.000000Z","https://diuqbank.com/questions/1178"
"1179","4","Software Engineering","SWE","72","Computer Fundamentals","22","Spring 26","1","Mid","2","2026-04-26T07:28:32.000000Z","https://diuqbank.com/questions/1179"
"1180","4","Software Engineering","SWE","79","Bangladesh Studies","22","Spring 26","1","Mid","2","2026-04-26T07:29:52.000000Z","https://diuqbank.com/questions/1180"
"1181","1","Computer Science & Engineering","CSE","2","Data Structures","22","Spring 26","2","Final","2","2026-04-26T07:50:24.000000Z","https://diuqbank.com/questions/1181"
"1182","4","Software Engineering","SWE","45","Theory of Computing ","22","Spring 26","2","Final","3","2026-04-26T08:18:56.000000Z","https://diuqbank.com/questions/1182"
"1183","4","Software Engineering","SWE","45","Theory of Computing ","11","Summer 25","2","Final","1","2026-04-26T08:51:39.000000Z","https://diuqbank.com/questions/1183"
"1184","10","NFE","NFE","139","Introduction to food science and technology","22","Spring 26","2","Final","4","2026-04-26T09:01:58.000000Z","https://diuqbank.com/questions/1184"
"1185","8","GEB","GEB","185","Animal and Human Physiology","22","Spring 26","2","Final","1","2026-04-26T10:56:54.000000Z","https://diuqbank.com/questions/1185"
"1186","1","Computer Science & Engineering","CSE","24","Math for Computer Science","22","Spring 26","2","Final","1","2026-04-26T11:55:13.000000Z","https://diuqbank.com/questions/1186"
"1187","4","Software Engineering","SWE","195","Introduction to Machine Learning","22","Spring 26","2","Final","1","2026-04-26T13:07:21.000000Z","https://diuqbank.com/questions/1187"
"1188","7","CIS","CIS","109","Bangladesh Studies","22","Spring 26","2","Final","1","2026-04-26T13:49:58.000000Z","https://diuqbank.com/questions/1188"
"1189","7","CIS","CIS","85","Data Structures","22","Spring 26","2","Final","2","2026-04-26T15:10:56.000000Z","https://diuqbank.com/questions/1189"
"1190","7","CIS","CIS","81","Web Development Essentials","1","Spring 24","2","Final","1","2026-04-27T01:06:47.000000Z","https://diuqbank.com/questions/1190"
"1191","7","CIS","CIS","81","Web Development Essentials","2","Fall 23","3","Quiz","1","2026-04-27T01:08:10.000000Z","https://diuqbank.com/questions/1191"
"1192","7","CIS","CIS","81","Web Development Essentials","13","Fall 25","3","Quiz","2","2026-04-27T01:08:43.000000Z","https://diuqbank.com/questions/1192"
"1193","7","CIS","CIS","81","Web Development Essentials","1","Spring 24","3","Quiz","1","2026-04-27T01:09:11.000000Z","https://diuqbank.com/questions/1193"
"1194","7","CIS","CIS","81","Web Development Essentials","10","Spring 25","3","Quiz","1","2026-04-27T01:09:37.000000Z","https://diuqbank.com/questions/1194"
"1195","4","Software Engineering","SWE","95","Structured Programming","22","Spring 26","2","Final","4","2026-04-27T04:35:24.000000Z","https://diuqbank.com/questions/1195"
"1196","1","Computer Science & Engineering","CSE","42","Theory of Computation","22","Spring 26","2","Final","2","2026-04-27T04:51:19.000000Z","https://diuqbank.com/questions/1196"
"1197","4","Software Engineering","SWE","170","Discrete Mathematics","22","Spring 26","2","Final","10","2026-04-27T05:04:50.000000Z","https://diuqbank.com/questions/1197"
"1199","9","TE","TE","243","Materials and Manufacturing Engineering","22","Spring 26","2","Final","3","2026-04-27T05:30:17.000000Z","https://diuqbank.com/questions/1199"
"1200","10","NFE","NFE","159","Technology of fruits and vegetable","22","Spring 26","2","Final","1","2026-04-27T07:45:27.000000Z","https://diuqbank.com/questions/1200"
"1201","10","NFE","NFE","158","Food chemistry","22","Spring 26","2","Final","1","2026-04-27T07:46:39.000000Z","https://diuqbank.com/questions/1201"
"1202","1","Computer Science & Engineering","CSE","87","Software Engineering","22","Spring 26","2","Final","1","2026-04-27T08:05:06.000000Z","https://diuqbank.com/questions/1202"
"1203","4","Software Engineering","SWE","72","Computer Fundamentals","22","Spring 26","2","Final","4","2026-04-27T08:25:33.000000Z","https://diuqbank.com/questions/1203"
"1204","4","Software Engineering","SWE","138","Digital Electronics and Logic Design","22","Spring 26","2","Final","5","2026-04-27T10:43:11.000000Z","https://diuqbank.com/questions/1204"
"1205","1","Computer Science & Engineering","CSE","33","Mathematics II","22","Spring 26","2","Final","2","2026-04-27T11:14:50.000000Z","https://diuqbank.com/questions/1205"
"1206","1","Computer Science & Engineering","CSE","18","Algorithms","22","Spring 26","2","Final","2","2026-04-27T12:45:33.000000Z","https://diuqbank.com/questions/1206"
"1207","2","Electrical & Electronic Engineering","EEE","231","Numerical methods","22","Spring 26","2","Final","2","2026-04-27T13:05:14.000000Z","https://diuqbank.com/questions/1207"
"1208","1","Computer Science & Engineering","CSE","12","Computer Fundamentals","22","Spring 26","2","Final","2","2026-04-27T14:01:41.000000Z","https://diuqbank.com/questions/1208"
"1209","2","Electrical & Electronic Engineering","EEE","74","Physics I","22","Spring 26","2","Final","1","2026-04-27T14:04:55.000000Z","https://diuqbank.com/questions/1209"
"1210","7","CIS","CIS","165","Computer Architecture And Organization","22","Spring 26","1","Mid","1","2026-04-27T14:09:51.000000Z","https://diuqbank.com/questions/1210"
"1211","1","Computer Science & Engineering","CSE","207","Computer Fundamental","22","Spring 26","2","Final","1","2026-04-27T14:20:15.000000Z","https://diuqbank.com/questions/1211"
"1213","4","Software Engineering","SWE","49","Algorithm Design and Analysis ","22","Spring 26","4","Lab Final","1","2026-04-27T16:07:44.000000Z","https://diuqbank.com/questions/1213"
"1214","4","Software Engineering","SWE","89","Object oriented programming","22","Spring 26","4","Lab Final","2","2026-04-27T16:11:07.000000Z","https://diuqbank.com/questions/1214"
"1215","4","Software Engineering","SWE","47","Introduction to Robotics ","22","Spring 26","2","Final","3","2026-04-27T16:14:42.000000Z","https://diuqbank.com/questions/1215"
"1216","10","NFE","NFE","162","Basic human nutrition","22","Spring 26","2","Final","1","2026-04-27T18:48:48.000000Z","https://diuqbank.com/questions/1216"
"1217","4","Software Engineering","SWE","49","Algorithm Design and Analysis ","10","Spring 25","2","Final","1","2026-04-28T03:22:33.000000Z","https://diuqbank.com/questions/1217"
"1218","4","Software Engineering","SWE","49","Algorithm Design and Analysis ","9","Fall 24","2","Final","1","2026-04-28T03:23:21.000000Z","https://diuqbank.com/questions/1218"
"1219","4","Software Engineering","SWE","47","Introduction to Robotics ","9","Fall 24","2","Final","1","2026-04-28T03:24:40.000000Z","https://diuqbank.com/questions/1219"
"1220","4","Software Engineering","SWE","47","Introduction to Robotics ","10","Spring 25","2","Final","1","2026-04-28T03:25:40.000000Z","https://diuqbank.com/questions/1220"
"1221","4","Software Engineering","SWE","89","Object oriented programming","22","Spring 26","3","Quiz","1","2026-04-28T03:31:41.000000Z","https://diuqbank.com/questions/1221"
"1222","8","GEB","GEB","232","Animal Breeding","22","Spring 26","2","Final","1","2026-04-28T04:49:15.000000Z","https://diuqbank.com/questions/1222"
"1223","1","Computer Science & Engineering","CSE","96","Mobile Application Design","22","Spring 26","2","Final","1","2026-04-28T04:49:58.000000Z","https://diuqbank.com/questions/1223"
"1224","4","Software Engineering","SWE","119","Design Pattern ","22","Spring 26","2","Final","2","2026-04-28T05:08:35.000000Z","https://diuqbank.com/questions/1224"
"1225","4","Software Engineering","SWE","89","Object oriented programming","9","Fall 24","2","Final","1","2026-04-28T06:13:06.000000Z","https://diuqbank.com/questions/1225"
"1226","2","Electrical & Electronic Engineering","EEE","74","Physics I","22","Spring 26","3","Quiz","1","2026-04-28T07:45:53.000000Z","https://diuqbank.com/questions/1226"
"1227","1","Computer Science & Engineering","CSE","1","Physics II","22","Spring 26","2","Final","2","2026-04-28T08:05:26.000000Z","https://diuqbank.com/questions/1227"
"1228","1","Computer Science & Engineering","CSE","25","Database management System","22","Spring 26","2","Final","1","2026-04-28T08:09:02.000000Z","https://diuqbank.com/questions/1228"
"1229","4","Software Engineering","SWE","141","Data Structures","22","Spring 26","2","Final","2","2026-04-28T11:26:09.000000Z","https://diuqbank.com/questions/1229"
"1230","4","Software Engineering","SWE","198","Information System Security","22","Spring 26","2","Final","1","2026-04-28T12:48:10.000000Z","https://diuqbank.com/questions/1230"
"1231","7","CIS","CIS","85","Data Structures","22","Spring 26","1","Mid","1","2026-04-28T13:43:24.000000Z","https://diuqbank.com/questions/1231"
"1232","8","GEB","GEB","200","Enzymology","22","Spring 26","2","Final","1","2026-04-28T13:59:38.000000Z","https://diuqbank.com/questions/1232"
"1233","4","Software Engineering","SWE","89","Object oriented programming","10","Spring 25","2","Final","2","2026-04-28T14:15:54.000000Z","https://diuqbank.com/questions/1233"
"1234","12","Agricultural Science","AGS","172","Biochemistry-I(General Biochemistry)","22","Spring 26","2","Final","1","2026-04-28T15:02:54.000000Z","https://diuqbank.com/questions/1234"
"1235","12","Agricultural Science","AGS","181","Farm Power and Machinery","22","Spring 26","2","Final","1","2026-04-28T15:11:47.000000Z","https://diuqbank.com/questions/1235"
"1236","12","Agricultural Science","AGS","197","Fundamentals of Agricultural Economics","22","Spring 26","2","Final","1","2026-04-28T15:13:06.000000Z","https://diuqbank.com/questions/1236"
"1237","12","Agricultural Science","AGS","152","Fundamentals of Horticulture","22","Spring 26","4","Lab Final","1","2026-04-28T15:20:41.000000Z","https://diuqbank.com/questions/1237"
"1238","2","Electrical & Electronic Engineering","EEE","252","Emergence of Bangladesh","13","Fall 25","2","Final","1","2026-04-29T03:20:03.000000Z","https://diuqbank.com/questions/1238"
"1239","1","Computer Science & Engineering","CSE","43","Digital Logic Design","22","Spring 26","2","Final","2","2026-04-29T05:04:58.000000Z","https://diuqbank.com/questions/1239"
"1240","4","Software Engineering","SWE","50","Database Systems","22","Spring 26","2","Final","6","2026-04-29T05:07:52.000000Z","https://diuqbank.com/questions/1240"
"1241","9","TE","TE","242","Art of Living and Engineering Ethics","22","Spring 26","2","Final","2","2026-04-29T05:21:57.000000Z","https://diuqbank.com/questions/1241"
"1242","7","CIS","CIS","70","Basic Functional English and English Spoken","22","Spring 26","2","Final","1","2026-04-29T05:27:49.000000Z","https://diuqbank.com/questions/1242"
"1243","4","Software Engineering","SWE","91","Physics I","22","Spring 26","2","Final","2","2026-04-29T06:17:14.000000Z","https://diuqbank.com/questions/1243"
"1244","1","Computer Science & Engineering","CSE","34","Engineering Mathematics","22","Spring 26","2","Final","1","2026-04-29T07:12:27.000000Z","https://diuqbank.com/questions/1244"
"1245","1","Computer Science & Engineering","CSE","27","Artificial Intelligence","22","Spring 26","2","Final","1","2026-04-29T08:00:27.000000Z","https://diuqbank.com/questions/1245"
"1246","4","Software Engineering","SWE","89","Object oriented programming","22","Spring 26","2","Final","3","2026-04-29T10:34:44.000000Z","https://diuqbank.com/questions/1246"
"1247","4","Software Engineering","SWE","117","Introduction to software engineering - SE113","22","Spring 26","2","Final","1","2026-04-29T10:49:49.000000Z","https://diuqbank.com/questions/1247"
"1248","1","Computer Science & Engineering","CSE","11","Introduction to Biology and Chemistry for Computation","22","Spring 26","2","Final","2","2026-04-29T10:54:55.000000Z","https://diuqbank.com/questions/1248"
"1249","1","Computer Science & Engineering","CSE","235","Research Innovation and Technical Writing","22","Spring 26","2","Final","1","2026-04-29T11:30:37.000000Z","https://diuqbank.com/questions/1249"
"1250","1","Computer Science & Engineering","CSE","235","Research Innovation and Technical Writing","22","Spring 26","3","Quiz","2","2026-04-29T11:40:02.000000Z","https://diuqbank.com/questions/1250"
"1251","4","Software Engineering","SWE","53","Data Communication and Computer Networking","10","Spring 25","2","Final","1","2026-04-29T11:57:32.000000Z","https://diuqbank.com/questions/1251"
"1252","2","Electrical & Electronic Engineering","EEE","103","Electrical Properties of Materials","22","Spring 26","2","Final","1","2026-04-29T14:58:07.000000Z","https://diuqbank.com/questions/1252"
"1253","8","GEB","GEB","233","Cytology","22","Spring 26","2","Final","1","2026-04-30T02:10:10.000000Z","https://diuqbank.com/questions/1253"
"1254","8","GEB","GEB","239","Metabolism","22","Spring 26","2","Final","1","2026-04-30T02:12:52.000000Z","https://diuqbank.com/questions/1254"
"1255","4","Software Engineering","SWE","48","Principles of Accounting, Business & Economics","11","Summer 25","2","Final","2","2026-04-30T03:45:02.000000Z","https://diuqbank.com/questions/1255"
"1256","4","Software Engineering","SWE","48","Principles of Accounting, Business & Economics","9","Fall 24","2","Final","1","2026-04-30T04:03:58.000000Z","https://diuqbank.com/questions/1256"
"1257","1","Computer Science & Engineering","CSE","3","Writing and Comprehension","22","Spring 26","2","Final","1","2026-04-30T04:58:45.000000Z","https://diuqbank.com/questions/1257"
"1258","1","Computer Science & Engineering","CSE","4","Electrical Circuits","22","Spring 26","2","Final","1","2026-04-30T05:00:46.000000Z","https://diuqbank.com/questions/1258"
"1259","1","Computer Science & Engineering","CSE","16","Compiler Design","22","Spring 26","2","Final","2","2026-04-30T05:01:03.000000Z","https://diuqbank.com/questions/1259"
"1260","10","NFE","NFE","139","Introduction to food science and technology","22","Spring 26","3","Quiz","0","2026-04-30T05:54:48.000000Z","https://diuqbank.com/questions/1260"
"1261","4","Software Engineering","SWE","53","Data Communication and Computer Networking","22","Spring 26","2","Final","2","2026-04-30T07:57:03.000000Z","https://diuqbank.com/questions/1261"
"1262","7","CIS","CIS","169","Information System Engineering","22","Spring 26","2","Final","1","2026-04-30T13:01:15.000000Z","https://diuqbank.com/questions/1262"
"1265","9","TE","TE","234","Basic Electrical and Electronic Engineering","22","Spring 26","2","Final","2","2026-04-30T13:18:26.000000Z","https://diuqbank.com/questions/1265"
"1266","1","Computer Science & Engineering","CSE","131","Web Engineeing","22","Spring 26","2","Final","1","2026-04-30T13:49:03.000000Z","https://diuqbank.com/questions/1266"
"1267","2","Electrical & Electronic Engineering","EEE","78","Differential and Integral Calculus","22","Spring 26","2","Final","1","2026-04-30T14:01:06.000000Z","https://diuqbank.com/questions/1267"
"1268","4","Software Engineering","SWE","170","Discrete Mathematics","13","Fall 25","2","Final","0","2026-05-01T04:35:06.000000Z","https://diuqbank.com/questions/1268"
"1269","8","GEB","GEB","189","Basic Biochemistry","22","Spring 26","2","Final","1","2026-05-01T05:43:16.000000Z","https://diuqbank.com/questions/1269"
"1270","12","Agricultural Science","AGS","153","Bangla Language & Literature","22","Spring 26","2","Final","1","2026-05-01T11:31:39.000000Z","https://diuqbank.com/questions/1270"
"1271","12","Agricultural Science","AGS","155","Principles of Agronomy","22","Spring 26","2","Final","1","2026-05-01T11:32:34.000000Z","https://diuqbank.com/questions/1271"
"1272","12","Agricultural Science","AGS","152","Fundamentals of Horticulture","22","Spring 26","2","Final","1","2026-05-01T11:33:32.000000Z","https://diuqbank.com/questions/1272"
"1273","12","Agricultural Science","AGS","173","Rural Sociology","22","Spring 26","2","Final","1","2026-05-01T11:34:09.000000Z","https://diuqbank.com/questions/1273"
"1274","2","Electrical & Electronic Engineering","EEE","252","Emergence of Bangladesh","22","Spring 26","2","Final","2","2026-05-01T11:36:32.000000Z","https://diuqbank.com/questions/1274"
"1275","4","Software Engineering","SWE","150","Software Engineering Web Application","22","Spring 26","2","Final","1","2026-05-01T14:15:54.000000Z","https://diuqbank.com/questions/1275"
"1280","4","Software Engineering","SWE","54","Art of Living ","22","Spring 26","2","Final","5","2026-05-02T05:00:17.000000Z","https://diuqbank.com/questions/1280"
"1281","1","Computer Science & Engineering","CSE","22","System Analysis and Design","22","Spring 26","2","Final","1","2026-05-02T05:12:10.000000Z","https://diuqbank.com/questions/1281"
"1282","4","Software Engineering","SWE","50","Database Systems","22","Spring 26","3","Quiz","1","2026-05-02T07:06:35.000000Z","https://diuqbank.com/questions/1282"
"1283","1","Computer Science & Engineering","CSE","44","Introduction to Data Science ","22","Spring 26","2","Final","1","2026-05-02T08:00:42.000000Z","https://diuqbank.com/questions/1283"
"1284","4","Software Engineering","SWE","79","Bangladesh Studies","22","Spring 26","2","Final","3","2026-05-02T08:26:47.000000Z","https://diuqbank.com/questions/1284"
"1285","4","Software Engineering","SWE","48","Principles of Accounting, Business & Economics","22","Spring 26","2","Final","2","2026-05-02T10:55:13.000000Z","https://diuqbank.com/questions/1285"
"1286","1","Computer Science & Engineering","CSE","5","Basic Functional English and English Spoken","22","Spring 26","2","Final","1","2026-05-02T10:55:22.000000Z","https://diuqbank.com/questions/1286"
"1287","4","Software Engineering","SWE","55","Mathematics I","22","Spring 26","2","Final","2","2026-05-02T11:27:26.000000Z","https://diuqbank.com/questions/1287"
"1288","8","GEB","GEB","186","Art of Living","22","Spring 26","2","Final","1","2026-05-02T14:37:32.000000Z","https://diuqbank.com/questions/1288"
"1289","4","Software Engineering","SWE","145","Business Analysis & Communication","22","Spring 26","2","Final","1","2026-05-02T15:08:49.000000Z","https://diuqbank.com/questions/1289"
"1290","2","Electrical & Electronic Engineering","EEE","106","Ordinary and Partial Differential Equation","22","Spring 26","2","Final","1","2026-05-02T16:59:57.000000Z","https://diuqbank.com/questions/1290"
"1291","1","Computer Science & Engineering","CSE","10","Physics I","22","Spring 26","2","Final","1","2026-05-02T18:34:02.000000Z","https://diuqbank.com/questions/1291"
"1292","4","Software Engineering","SWE","201","English-1","22","Spring 26","2","Final","1","2026-05-05T09:40:22.000000Z","https://diuqbank.com/questions/1292"
"1293","4","Software Engineering","SWE","203","Introduction to Software Engineering","22","Spring 26","2","Final","3","2026-05-05T09:44:39.000000Z","https://diuqbank.com/questions/1293"
"1294","8","GEB","GEB","221","Introduction to Animal science","22","Spring 26","2","Final","1","2026-05-06T02:32:02.000000Z","https://diuqbank.com/questions/1294"
"1295","8","GEB","GEB","124","Basic Plant Science","22","Spring 26","2","Final","1","2026-05-06T02:32:44.000000Z","https://diuqbank.com/questions/1295"
"1296","8","GEB","GEB","99","Introduction to GEB ","22","Spring 26","2","Final","1","2026-05-06T02:33:22.000000Z","https://diuqbank.com/questions/1296"
"1297","8","GEB","GEB","126","Communicative English","22","Spring 26","2","Final","1","2026-05-06T02:33:48.000000Z","https://diuqbank.com/questions/1297"
"1299","12","Agricultural Science","AGS","154","Basic English","22","Spring 26","2","Final","1","2026-05-07T13:09:33.000000Z","https://diuqbank.com/questions/1299"
"1301","7","CIS","CIS","135","Network Security and Cryptography","22","Spring 26","3","Quiz","1","2026-05-08T03:00:45.000000Z","https://diuqbank.com/questions/1301"
"1308","7","CIS","CIS","214","Artificial Intelligence","13","Fall 25","3","Quiz","1","2026-05-08T03:11:37.000000Z","https://diuqbank.com/questions/1308"
"1313","9","TE","TE","241","Industrial Management","22","Spring 26","2","Final","1","2026-05-12T08:14:34.000000Z","https://diuqbank.com/questions/1313"
"1314","8","GEB","GEB","251","Molecular Biology","22","Spring 26","2","Final","1","2026-05-13T06:06:53.000000Z","https://diuqbank.com/questions/1314"
"1315","1","Computer Science & Engineering","CSE","247","Instrumentation and Control","22","Spring 26","2","Final","1","2026-05-13T16:32:56.000000Z","https://diuqbank.com/questions/1315"
"1316","7","CIS","CIS","76","Mathematics I","22","Spring 26","3","Quiz","1","2026-05-14T14:35:40.000000Z","https://diuqbank.com/questions/1316"
"1317","8","GEB","GEB","148","Animal Reproduction and Embryology","22","Spring 26","2","Final","1","2026-05-14T16:50:18.000000Z","https://diuqbank.com/questions/1317"
"1318","8","GEB","GEB","161","Microbial Genetics","22","Spring 26","2","Final","1","2026-05-14T16:53:00.000000Z","https://diuqbank.com/questions/1318"
"1319","8","GEB","GEB","137","Basic Microbiology","22","Spring 26","2","Final","1","2026-05-14T16:58:56.000000Z","https://diuqbank.com/questions/1319"
"1320","8","GEB","GEB","143","Principle of Genetics","22","Spring 26","2","Final","1","2026-05-14T17:01:12.000000Z","https://diuqbank.com/questions/1320"
"1321","8","GEB","GEB","147","Computer Fundamental and Computational Biology","22","Spring 26","2","Final","1","2026-05-14T17:02:49.000000Z","https://diuqbank.com/questions/1321"
"1322","8","GEB","GEB","137","Basic Microbiology","22","Spring 26","4","Lab Final","1","2026-05-14T17:06:17.000000Z","https://diuqbank.com/questions/1322"
"1323","7","CIS","CIS","128","Principles of Accounting, Business & Economics","22","Spring 26","1","Mid","1","2026-05-16T06:29:44.000000Z","https://diuqbank.com/questions/1323"
"1324","7","CIS","CIS","128","Principles of Accounting, Business & Economics","22","Spring 26","2","Final","1","2026-05-16T06:32:40.000000Z","https://diuqbank.com/questions/1324"
"1325","7","CIS","CIS","82","Computer Networks","22","Spring 26","4","Lab Final","1","2026-05-16T06:36:04.000000Z","https://diuqbank.com/questions/1325"
"1326","7","CIS","CIS","127","Object oriented programming","22","Spring 26","4","Lab Final","1","2026-05-16T06:37:28.000000Z","https://diuqbank.com/questions/1326"
"1327","7","CIS","CIS","127","Object oriented programming","22","Spring 26","2","Final","1","2026-05-16T06:41:01.000000Z","https://diuqbank.com/questions/1327"
"1328","7","CIS","CIS","82","Computer Networks","22","Spring 26","2","Final","1","2026-05-16T06:44:27.000000Z","https://diuqbank.com/questions/1328"
"1329","7","CIS","CIS","82","Computer Networks","22","Spring 26","3","Quiz","1","2026-05-16T09:28:35.000000Z","https://diuqbank.com/questions/1329"
"1330","7","CIS","CIS","127","Object oriented programming","22","Spring 26","3","Quiz","1","2026-05-16T09:33:42.000000Z","https://diuqbank.com/questions/1330"
"1331","7","CIS","CIS","128","Principles of Accounting, Business & Economics","22","Spring 26","3","Quiz","1","2026-05-16T09:37:37.000000Z","https://diuqbank.com/questions/1331"
